author;author_type;url;location;deal_type;accommodation_type;floor;floors_count;rooms_count;total_meters;price;year_of_construction;object_type;house_material_type;heating_type;finish_type;living_meters;kitchen_meters;phone;district;street;house_number;underground;residential_complex
MR Group;developer;https://www.cian.ru/sale/flat/292125772/;Москва;sale;flat;20;37;1;39.6;29053268;2027;-1;Монолитный;-1;Без отделки;-1;-1;+74951379040;Беговой;Ленинградский проспект;вл8;Белорусская;Slava
ФСК Агент;real_estate_agent;https://www.cian.ru/sale/flat/298048143/;Москва;sale;flat;17;29;1;33.5;20000000;2023;-1;-1;-1;-1;-1;10 м²;+79859670981;Хорошево-Мневники;Шелепихинская набережная;40к3;Хорошёвская;
MR Group;developer;https://www.cian.ru/sale/flat/271758050/;Москва;sale;flat;4;41;1;38.59;23715078;2024;-1;Монолитно-кирпичный;-1;Предчистовая, чистовая;24,4 м²;-1;+74951387081;Раменки;1-й Сетуньский проезд;вл10;Лужники;Hide
Dream Realty;real_estate_agent;https://www.cian.ru/sale/flat/298785326/;Москва;sale;flat;7;9;1;35.3;37500000;2019;-1;-1;-1;-1;17,6 м²;9,5 м²;+79153499386;Пресненский;Мантулинская ;9к2;Деловой центр;City Park
Sminex;developer;https://www.cian.ru/sale/flat/297972137/;Москва;sale;flat;2;5;1;54.7;124590000;2024;-1;Монолитно-кирпичный, монолитный;-1;Без отделки;15,5 м²;20,8 м²;+74951347302;Тверской;;;Площадь Революции;Ильинка 3/8 ЖК
ФСК Агент;real_estate_agent;https://www.cian.ru/sale/flat/298045968/;Москва;sale;flat;13;43;1;32.3;20200000;2023;-1;-1;-1;-1;15,1 м²;8,2 м²;+79859670981;Хорошево-Мневники;Шелепихинская набережная;40к1;Шелепиха;Sydney City
Sminex;developer;https://www.cian.ru/sale/flat/293713671/;Москва;sale;flat;2;14;1;72.6;133260000;2024;-1;Монолитный;-1;Без отделки;14,2 м²;31 м²;+74951375467;Якиманка;;;Полянка;Лаврушинский ЖК
PROНЕДВИЖИМОСТЬ;real_estate_agent;https://www.cian.ru/sale/flat/299521516/;Москва;sale;flat;5;5;1;30.0;10800000;1958;-1;-1;-1;-1;18 м²;6 м²;+79850734782;Хорошевский; Куусинена;6К5;Полежаевская;
Regions Development;developer;https://www.cian.ru/sale/flat/299622170/;Москва;sale;flat;4;6;1;42.4;24066777;2023;-1;Монолитный;-1;Без отделки;-1;-1;+74951379034;Нагатинский затон;проспект Андропова;9/1к3;Технопарк;Dream Towers
ФСК Агент;real_estate_agent;https://www.cian.ru/sale/flat/296739976/;Москва;sale;flat;18;41;1;65.7;28000000;2021;-1;-1;-1;Без отделки;28,5 м²;15,7 м²;+79859670981;Хорошево-Мневники;Шелепихинская набережная;34к3;Шелепиха;Сердце Столицы
ID 111759195;developer;https://www.cian.ru/sale/flat/296871941/;Москва;sale;flat;2;30;1;31.3;11568480;2027;-1;Монолитно-кирпичный;-1;Без отделки, чистовая;-1;-1;+74951346258;Рязанский;Рязанский проспект;;Окская;balance
ФСК Агент;real_estate_agent;https://www.cian.ru/sale/flat/298155359/;Москва;sale;flat;23;43;1;37.9;15900000;2025;-1;-1;-1;Без отделки;15,4 м²;8,7 м²;+79859670981;Покровское-Стрешнево;;;Трикотажная;Скай Гарден ЖК
ID 39404589;developer;https://www.cian.ru/sale/flat/299620872/;Москва;sale;flat;31;34;1;30.0;15453000;2025;-1;Монолитный;-1;Без отделки, предчистовая;-1;-1;+74951387095;Обручевский;;;Калужская;Эвер ЖК
ФСК Агент;real_estate_agent;https://www.cian.ru/sale/flat/298474842/;Москва;sale;flat;32;43;1;46.6;23500000;2023;-1;-1;-1;Чистовая;17,4 м²;16,6 м²;+79855014664;Хорошево-Мневники;Шелепихинская набережная;40к1;Шелепиха;Sydney City
St Michael;developer;https://www.cian.ru/sale/flat/298001060/;Москва;sale;flat;17;21;1;35.56;18154500;2024;-1;Монолитно-кирпичный;-1;Без отделки;10,6 м²;16,9 м²;+74951370057;Хорошевский; Зорге;9;Зорге;Зорге 9
ФСК Агент;real_estate_agent;https://www.cian.ru/sale/flat/298049948/;Москва;sale;flat;10;25;1;35.9;19600000;2023;-1;-1;-1;-1;15,2 м²;11 м²;+79859670981;Хорошево-Мневники;Шелепихинская набережная;40к2;Шелепиха;Sydney City
ID 39404589;developer;https://www.cian.ru/sale/flat/299649001/;Москва;sale;flat;10;34;1;31.2;13091520;2026;-1;Монолитно-кирпичный;-1;Без отделки;-1;-1;+74951379105;Нагорный;;2;Нагорная;Твелв ЖК
Алексей Тюрин;realtor;https://www.cian.ru/sale/flat/299184972/;Москва;sale;flat;18;35;1;38.0;22500000;2021;-1;-1;-1;-1;-1;-1;+79855433523;Раменки;Мосфильмовская ;98к2;Аминьевская;
VESPER;developer;https://www.cian.ru/sale/flat/287317369/;Москва;sale;flat;5;21;-1;1.0;78259545;2023;-1;Монолитный;-1;Предчистовая, чистовая, чистовая с мебелью;18,8 м²;24,9 м²;+74951387366;Пресненский; Костикова;4к1;Улица 1905 года;Lucky
Дарья Егорова;realtor;https://www.cian.ru/sale/flat/299479847/;Москва;sale;flat;2;3;1;38.5;14600000;2023;-1;-1;-1;-1;-1;-1;+79660615755;Преображенское;Электрозаводская ;33С1;Преображенская площадь;Апартаменты Берег Яузы
GRAVION;developer;https://www.cian.ru/sale/flat/288750856/;Москва;sale;flat;2;9;1;53.17;58487000;2024;-1;Монолитно-кирпичный;-1;Без отделки, чистовая;15,8 м²;32,4 м²;+74951374970;Якиманка;Ленинский проспект;2;Октябрьская;Клубный дом CULT
PROНЕДВИЖИМОСТЬ;real_estate_agent;https://www.cian.ru/sale/flat/298376026/;Москва;sale;flat;15;30;1;37.5;14900000;2022;-1;-1;-1;-1;-1;-1;+79150272986;Южнопортовый;Волгоградский проспект;32/5к1;Угрешская;
Рублево-Архангельское;developer;https://www.cian.ru/sale/flat/298849163/;Москва;sale;flat;3;10;1;45.5;22900150;2026;-1;Монолитно-кирпичный;-1;Без отделки, чистовая;14 м²;19,5 м²;+74951375130;;;В14 кв-л;Опалиха;Сберсити ЖК
Century 21 Street Realty;real_estate_agent;https://www.cian.ru/sale/flat/298873799/;Москва;sale;flat;34;58;1;43.0;24900000;-1;-1;-1;-1;-1;15 м²;20 м²;+79651661856;Хорошево-Мневники; Народного Ополчения;15К1;Народное Ополчение;Wellton Towers
Absolute Premium;developer;https://www.cian.ru/sale/flat/294903830/;Москва;sale;flat;7;18;1;49.8;48967000;2026;-1;Монолитный;-1;Без отделки, предчистовая;11,3 м²;-1;+74951374939;Хамовники;;;Воробьёвы горы;Коллекция Лужники ЖК
ФСК Агент;real_estate_agent;https://www.cian.ru/sale/flat/298155823/;Москва;sale;flat;10;43;1;37.9;14800000;2025;-1;-1;-1;Без отделки;15,4 м²;8,7 м²;+79859670981;Покровское-Стрешнево;;;Трикотажная;Скай Гарден ЖК
MR Group;developer;https://www.cian.ru/sale/flat/291757373/;Москва;sale;flat;8;54;1;37.72;19018464;2025;-1;Монолитный;-1;Предчистовая, чистовая;12,8 м²;18,4 м²;+74951375113;Савеловский;2-я Хуторская ;34;Дмитровская;SYMPHONY 34
White and Broughton;real_estate_agent;https://www.cian.ru/sale/flat/292933473/;Москва;sale;flat;16;40;1;41.1;31500000;-1;-1;-1;-1;-1;23,4 м²;4,9 м²;+79646331510;Хорошевский;Ленинградский проспект;37/4;Динамо;Прайм Парк
MR Group;developer;https://www.cian.ru/sale/flat/299093496/;Москва;sale;flat;18;41;1;37.7;26166953;2024;-1;Монолитный;-1;Предчистовая;13 м²;-1;+74951375236;Даниловский;Дубининская ;59к7;Павелецкая;Павелецкая Сити
ФСК Агент;real_estate_agent;https://www.cian.ru/sale/flat/298156526/;Москва;sale;flat;4;43;1;38.0;14300000;2025;-1;-1;-1;Без отделки;15,4 м²;8,9 м²;+79859670981;Покровское-Стрешнево;Строительный проезд;9С6;Трикотажная;Sky Garden
Рублево-Архангельское;developer;https://www.cian.ru/sale/flat/299137613/;Москва;sale;flat;4;12;1;45.87;22384560;2024;-1;Монолитный;-1;Без отделки, чистовая;13,4 м²;15,1 м²;+74951370058;;;В19 кв-л;Опалиха;Сберсити ЖК
Комьюнити;real_estate_agent;https://www.cian.ru/sale/flat/293546579/;Москва;sale;flat;2;3;1;43.8;13140000;-1;-1;-1;-1;-1;-1;-1;+79660472731;Преображенское;Суворовская ;19С1;Преображенская площадь;
MR Group;developer;https://www.cian.ru/sale/flat/296847956/;Москва;sale;flat;2;54;1;36.06;20713585;2027;-1;Монолитный;-1;Предчистовая;-1;13,5 м²;+74951377313;Хорошево-Мневники; Мневники;;Полежаевская;JOIS
Ирина Василевская;realtor;https://www.cian.ru/sale/flat/295954563/;Москва;sale;flat;7;12;1;36.6;19490000;1965;-1;-1;-1;-1;18,5 м²;9 м²;+79660594608;Дорогомилово;Украинский бульвар;6;Киевская;
Sminex;developer;https://www.cian.ru/sale/flat/299262122/;Москва;sale;flat;8;14;1;44.6;26270000;2023;-1;Монолитный;-1;Без отделки, чистовая;13,8 м²;21,4 м²;+74951375461;Раменки;проспект Генерала Дорохова;39к2Л;Ломоносовский проспект;Собрание клубных домов West Garden
Комьюнити;real_estate_agent;https://www.cian.ru/sale/flat/299601134/;Москва;sale;flat;2;3;1;56.4;16843200;2022;-1;-1;-1;-1;-1;-1;+79636780803;Преображенское;Электрозаводская ;33С4;Преображенская площадь;Апартаменты Берег Яузы
Главстрой;developer;https://www.cian.ru/sale/flat/296921064/;Москва;sale;flat;2;16;1;44.7;20661010;2024;-1;Монолитно-кирпичный;-1;Без отделки;16,4 м²;14,6 м²;+74951379308;Филевский парк;Береговой проезд;2;Народное Ополчение;Береговой-2
Владислав Карпов;realtor;https://www.cian.ru/sale/flat/299294027/;Москва;sale;flat;5;28;1;41.0;29950000;2022;-1;-1;-1;-1;-1;17 м²;+79660540958;Раменки;Винницкая ;8к3;Раменки;Настоящее
Компания Пионер;developer;https://www.cian.ru/sale/flat/296085449/;Москва;sale;flat;6;22;-1;202.0;15969096;2025;-1;Монолитный;-1;Без отделки, чистовая;-1;-1;+74951374063;Марьина роща;Полковая ;1С12;Савёловская;PRIDE
BRIGHT ESTATE - городская недвижимость;real_estate_agent;https://www.cian.ru/sale/flat/297409382/;Москва;sale;flat;10;14;1;45.0;35000000;-1;-1;-1;-1;-1;-1;12 м²;+79850593599;Раменки;проспект Генерала Дорохова;39к2;Минская;Собрание клубных домов West Garden
Рублево-Архангельское;developer;https://www.cian.ru/sale/flat/291868741/;Москва;sale;flat;3;13;1;54.02;29846050;2024;-1;Монолитно-кирпичный;-1;Чистовая;15,1 м²;19 м²;+74951387020;;;В20 кв-л;Опалиха;Сберсити ЖК
Travelto Development;real_estate_agent;https://www.cian.ru/sale/flat/294819213/;Москва;sale;flat;2;9;1;19.9;10077000;-1;-1;-1;-1;-1;-1;-1;+79672092499;Аэропорт;Большой Коптевский проезд;3С7;Красный Балтиец;
COLDY;developer;https://www.cian.ru/sale/flat/297997304/;Москва;sale;flat;2;14;-1;202.0;183834633;2025;-1;Монолитно-кирпичный;-1;Без отделки;-1;-1;+74951384953;Хамовники;переулок 1-й Тружеников;12;Киевская;Хамовники 12
EstateLiga;real_estate_agent;https://www.cian.ru/sale/flat/292787122/;Москва;sale;flat;4;14;1;43.0;25750000;2021;-1;-1;-1;-1;14 м²;17 м²;+79067955770;Раменки;проспект Генерала Дорохова;39к1В;Минская;Собрание клубных домов West Garden
3SGroup;developer;https://www.cian.ru/sale/flat/299379428/;Москва;sale;flat;12;17;1;25.7;8378200;2026;-1;-1;-1;Без отделки;12,3 м²;-1;+74951374320;;;;Коммунарка;FOREVILLE
ФСК Агент;real_estate_agent;https://www.cian.ru/sale/flat/295519457/;Москва;sale;flat;1;12;1;39.3;11200000;1978;-1;-1;-1;-1;21 м²;7 м²;+79859670981;Отрадное; Хачатуряна;2;Владыкино;
Neva Towers;developer;https://www.cian.ru/sale/flat/298051604/;Москва;sale;flat;65;66;1;45.5;50869000;2020;-1;Монолитный;-1;Без отделки, чистовая;-1;-1;+74951387174;Пресненский;1-й Красногвардейский проезд;22с1;Выставочная;NEVA TOWERS
Этажи Москва;real_estate_agent;https://www.cian.ru/sale/flat/298538616/;Москва;sale;flat;6;9;1;33.5;9700000;1971;-1;-1;-1;-1;-1;6 м²;+79057153325;Можайский; Кубинка;15К2;Сетунь;
Hutton Development;developer;https://www.cian.ru/sale/flat/293911173/;Москва;sale;flat;2;7;-1;202.0;101640000;2026;-1;-1;-1;Без отделки;12,8 м²;19,7 м²;+74951379715;Якиманка;Софийская набережная;34С3;Новокузнецкая;Клубный дом DUO
Этажи Москва;real_estate_agent;https://www.cian.ru/sale/flat/298574681/;Москва;sale;flat;10;16;1;32.0;7620000;2021;-1;-1;-1;-1;-1;9,1 м²;+79660515466;; Яворки;1к4;Ольховая;Кленовые Аллеи
Sminex;developer;https://www.cian.ru/sale/flat/294328835/;Москва;sale;flat;3;6;1;78.7;158480000;2025;-1;Монолитный;-1;Без отделки;15,7 м²;33,2 м²;+74951347314;Басманный;Потаповский переулок;5С4;Чистые пруды;Чистые Пруды
Группа Родина;developer;https://www.cian.ru/sale/flat/291114452/;Москва;sale;flat;3;23;1;30.8;17170800;2024;-1;Монолитно-кирпичный;-1;Без отделки;12,4 м²;-1;+74951374518;Ростокино;;к2;Ботанический сад;Союз ЖК
Этажи Москва;real_estate_agent;https://www.cian.ru/sale/flat/299183728/;Москва;sale;flat;5;14;1;42.4;12800000;1992;-1;-1;-1;-1;-1;10 м²;+79057121709;Северное Бутово;Старобитцевская ;23К2;Лесопарковая;
РКС Девелопмент;developer;https://www.cian.ru/sale/flat/298027335/;Москва;sale;flat;2;16;1;37.16;15655508;2025;-1;Монолитный;-1;Чистовая;-1;-1;+74951378848;Даниловский;Автозаводская ;24К1;ЗИЛ;Дом на набережной INSIDER
Этажи Москва;real_estate_agent;https://www.cian.ru/sale/flat/299611096/;Москва;sale;flat;4;5;1;30.7;10990000;1968;-1;-1;-1;-1;-1;8 м²;+79660512504;Котловка;Севастопольский проспект;37;Нагорная;
FORMA;developer;https://www.cian.ru/sale/flat/298003630/;Москва;sale;flat;7;33;1;58.47;35386102;2025;-1;Монолитный;-1;Без отделки, предчистовая;13,5 м²;26 м²;+74951370018;Пресненский;к2.3;к2.3;Белорусская;Репаблик ЖК
Этажи Москва;real_estate_agent;https://www.cian.ru/sale/flat/298476313/;Москва;sale;flat;3;8;1;42.3;7000000;-1;-1;-1;-1;-1;-1;9,7 м²;+79099980650;Десеновское поселение;аллея Буковая;14;;Андерсен
Regions Development;developer;https://www.cian.ru/sale/flat/299576624/;Москва;sale;flat;3;17;1;38.2;18162034;2024;-1;Монолитно-кирпичный;-1;Без отделки;-1;-1;+74951377220;Преображенское;Жилой комплекс Преображенская площадь;;Преображенская площадь;Преображенская площадь
ЛСР;developer;https://www.cian.ru/sale/flat/293202607/;Москва;sale;flat;25;32;1;34.3;14900228;2025;-1;Монолитно-кирпичный, монолитный;-1;Без отделки, чистовая, чистовая с мебелью;19 м²;10,3 м²;+74951378813;Западное Дегунино;Северный ао;;Верхние Лихоборы;Дмитровское небо ЖК
Этажи Москва;real_estate_agent;https://www.cian.ru/sale/flat/298901369/;Москва;sale;flat;6;9;1;28.5;7300000;1980;-1;-1;-1;-1;-1;6,6 м²;+79672091726;Щербинка; Люблинская;7;;
ЭЛИТА-ЭКО;developer;https://www.cian.ru/sale/flat/292406404/;Москва;sale;flat;5;14;1;30.45;32429250;2026;-1;Монолитный;-1;Предчистовая;-1;-1;+74951346380;Дорогомилово;1-й Можайский тупик;8АС1;Киевская;D'ORO MILLE
Этажи Москва;real_estate_agent;https://www.cian.ru/sale/flat/298433868/;Москва;sale;flat;2;9;1;35.8;11999000;1976;-1;-1;-1;-1;-1;7,5 м²;+79660482610;Фили-Давыдково;Аминьевское шоссе;36;Давыдково;
Трансстройинвест;developer;https://www.cian.ru/sale/flat/296303052/;Москва;sale;flat;3;8;1;62.7;89465815;2026;-1;Монолитный;-1;Без отделки;-1;27,4 м²;+74951374014;Мещанский;Большой Кисельный переулок;11/2с2;Тургеневская;Frank's house
Этажи Москва;real_estate_agent;https://www.cian.ru/sale/flat/298845429/;Москва;sale;flat;11;32;1;37.6;13100000;2022;-1;-1;-1;Чистовая;-1;10 м²;+79660064840;Очаково-Матвеевское;Большая Очаковская ;2;Аминьевская;Большая Очаковская 2
Мангазея;developer;https://www.cian.ru/sale/flat/299167967/;Москва;sale;flat;10;21;-1;1.0;25685400;2023;-1;Монолитно-кирпичный, монолитный;-1;Без отделки;15,8 м²;15,5 м²;+74951379080;Щукино;Щукинская ;3;Щукинская;Интонация
GloraX;developer;https://www.cian.ru/sale/flat/293812263/;Москва;sale;flat;4;21;1;53.11;28499999;2024;-1;Монолитный;-1;Предчистовая;15,8 м²;-1;+74951378830;Беговой; 1-я Ямского Поля;28С3;Белорусская;GloraX Premium Белорусская
Century 21 Street Realty;real_estate_agent;https://www.cian.ru/sale/flat/295278504/;Москва;sale;flat;34;53;1;43.0;20500000;2022;-1;-1;-1;-1;-1;-1;+79060421216;Хорошево-Мневники; Народного Ополчения;15К1;Народное Ополчение;Wellton Towers
Основа;developer;https://www.cian.ru/sale/flat/293623772/;Москва;sale;flat;6;28;-1;43.5;17182500;2027;-1;Монолитный;-1;Без отделки, черновая;15,3 м²;11,8 м²;+74951370083;Хорошево-Мневники;2-й Силикатный проезд;;Полежаевская;Emotion
Этажи Москва;real_estate_agent;https://www.cian.ru/sale/flat/298664477/;Москва;sale;flat;1;10;1;37.2;19900000;2022;-1;-1;-1;-1;-1;18,8 м²;+79099338553;Очаково-Матвеевское;Аминьевское шоссе;4Дк2;Аминьевская;Вестердам
TOUCH;developer;https://www.cian.ru/sale/flat/296006779/;Москва;sale;flat;5;13;1;42.36;24082000;2024;-1;Монолитный;-1;Без отделки, чистовая;14,8 м²;14,6 м²;+74951375043;Южнопортовый;;к3;Дубровка;Шампайн ЖК
Этажи Москва;real_estate_agent;https://www.cian.ru/sale/flat/299463231/;Москва;sale;flat;18;27;1;38.3;17500000;2023;-1;-1;-1;Без отделки;-1;17,9 м²;+79684851089;Лефортово; Крузенштерна;12к1;;Символ
ДОНСТРОЙ;developer;https://www.cian.ru/sale/flat/299350568/;Москва;sale;flat;3;50;1;39.2;18329920;2027;-1;Монолитный;-1;Без отделки, чистовая с мебелью;13,6 м²;14,7 м²;+74951387191;Раменки;м. Мичуринский проспект;;Мичуринский проспект;Событие
do A.S.A.P.;real_estate_agent;https://www.cian.ru/sale/flat/297949006/;Москва;sale;flat;3;13;1;37.0;26000000;2024;-1;-1;-1;Чистовая;-1;-1;+79660621056;Хорошево-Мневники; Нижние Мневники;35;Терехово ;Остров
Центр-Инвест;developer;https://www.cian.ru/sale/flat/298576239/;Москва;sale;flat;15;22;1;36.8;26213596;2022;-1;Монолитный;-1;Без отделки;21,9 м²;8,3 м²;+74951375446;Красносельский;Большая Спасская ;35;Площадь трёх вокзалов;Dialog
ЛюксДом;real_estate_agent;https://www.cian.ru/sale/flat/274593955/;Москва;sale;flat;3;5;1;47.2;39500000;2021;-1;-1;-1;-1;13 м²;16 м²;+79683696788;Замоскворечье;Озерковская набережная;6;Новокузнецкая;Bogenhouse
MR Group;developer;https://www.cian.ru/sale/flat/299302334/;Москва;sale;flat;7;30;1;41.5;18523741;2024;-1;Монолитно-кирпичный, монолитный;-1;Предчистовая;-1;-1;+74951387213;Южнопортовый;Волгоградский проспект;32/3к4;Угрешская;Метрополия
ZAPAD REALTY - офис Маршала Жукова;real_estate_agent;https://www.cian.ru/sale/flat/297235267/;Москва;sale;flat;30;43;1;46.0;29900000;-1;-1;-1;-1;-1;23 м²;12 м²;+79854281089;Хорошево-Мневники;Шелепихинская набережная;34к6;Шелепиха;Сердце Столицы
MR Group;developer;https://www.cian.ru/sale/flat/299302256/;Москва;sale;flat;15;29;1;43.0;18326127;2024;-1;Монолитно-кирпичный, монолитный;-1;Предчистовая;-1;-1;+74951387213;Южнопортовый;Волгоградский проспект;32/3к4;Угрешская;Метрополия
Основа;developer;https://www.cian.ru/sale/flat/299292646/;Москва;sale;flat;4;36;1;35.9;10159700;2026;-1;Монолитный;-1;Без отделки, предчистовая;14,9 м²;11,2 м²;+74951346369;Ярославский;проспект Мира;222;Ростокино;Квартал МИРАПОЛИС
Князев и Партнёры;real_estate_agent;https://www.cian.ru/sale/flat/299638046/;Москва;sale;flat;2;2;1;28.7;9990000;2023;-1;-1;-1;-1;17,4 м²;5,2 м²;+79152507419;Текстильщики;Грайвороновская ;6С1;Текстильщики;
РКС Девелопмент;developer;https://www.cian.ru/sale/flat/294819733/;Москва;sale;flat;2;10;1;36.0;15261250;2025;-1;Монолитный;-1;Чистовая;-1;-1;+74951378848;Даниловский;Автозаводская ;24К1;ЗИЛ;Дом на набережной INSIDER
Стадион Спартак;developer;https://www.cian.ru/sale/flat/289490596/;Москва;sale;flat;5;22;1;52.6;31323300;2025;-1;Монолитный;-1;Без отделки, черновая;14,7 м²;11,1 м²;+74951387190;Покровское-Стрешнево;Северо-Западный ао;;Спартак;Клубный Город на Реке Примавера ЖК
ЕГСН Продажа;real_estate_agent;https://www.cian.ru/sale/flat/297716677/;Москва;sale;flat;3;9;1;30.2;8500000;-1;-1;-1;-1;-1;17,7 м²;5,6 м²;+79645647890;Дмитровский;Лобненская ;9;Лианозово;
Стадион Спартак;developer;https://www.cian.ru/sale/flat/297341250/;Москва;sale;flat;10;22;1;54.0;34246800;2025;-1;Монолитный;-1;Без отделки, черновая;14,9 м²;11,1 м²;+74951387190;Покровское-Стрешнево;Северо-Западный ао;;Спартак;Клубный Город на Реке Примавера ЖК
Regions Development;developer;https://www.cian.ru/sale/flat/299440983/;Москва;sale;flat;17;17;1;45.31;27445954;2024;-1;-1;-1;Без отделки;20,3 м²;12,2 м²;+74951377220;Преображенское;Жилой комплекс Преображенская площадь;;Преображенская площадь;Преображенская площадь
ЕГСН Продажа;real_estate_agent;https://www.cian.ru/sale/flat/299341316/;Москва;sale;flat;4;9;1;32.6;8200000;-1;-1;-1;-1;-1;19 м²;6 м²;+79645647890;Ивановское; Молостовых;6К3;Новогиреево;
3SGroup;developer;https://www.cian.ru/sale/flat/299379257/;Москва;sale;flat;7;17;1;33.1;10320679;2026;-1;-1;-1;Без отделки;20 м²;-1;+74951374320;;;;Коммунарка;FOREVILLE
ЕГСН Продажа;real_estate_agent;https://www.cian.ru/sale/flat/297263854/;Москва;sale;flat;2;14;1;38.3;9500000;-1;-1;-1;-1;-1;-1;9 м²;+79645647890;Южное Бутово;Изюмская ;49к4;Бутово;
Компания Пионер;developer;https://www.cian.ru/sale/flat/296085444/;Москва;sale;flat;6;22;-1;202.0;18659992;2025;-1;Монолитный;-1;Без отделки, чистовая;-1;-1;+74951374063;Марьина роща;Полковая ;1С12;Савёловская;PRIDE
ЕГСН Продажа;real_estate_agent;https://www.cian.ru/sale/flat/298463837/;Москва;sale;flat;1;12;1;34.4;12600000;-1;-1;-1;-1;-1;19,3 м²;10 м²;+79645647890;Пресненский; Трехгорный Вал;1;Улица 1905 года;
MR Group;developer;https://www.cian.ru/sale/flat/296848035/;Москва;sale;flat;46;54;1;37.02;24012579;2027;-1;Монолитный;-1;Предчистовая;-1;16,7 м²;+74951377313;Хорошево-Мневники; Мневники;;Полежаевская;JOIS
ЕГСН Продажа;real_estate_agent;https://www.cian.ru/sale/flat/297004278/;Москва;sale;flat;5;9;1;34.6;10500000;-1;-1;-1;-1;-1;19,8 м²;7 м²;+79645647890;Гольяново;Щелковское шоссе;79К1;Щёлковская;
Компания Пионер;developer;https://www.cian.ru/sale/flat/296119013/;Москва;sale;flat;7;26;1;24.5;19000362;2027;-1;Монолитный;-1;Без отделки, предчистовая, чистовая;-1;-1;+74951374078;Даниловский;;;Павелецкая;Хай Лайф ЖК
ЛИДЕР;real_estate_agent;https://www.cian.ru/sale/flat/297363881/;Москва;sale;flat;7;12;1;27.6;7300000;-1;-1;-1;-1;-1;14,8 м²;6,6 м²;+79855422152;Матушкино;Зеленоград;к158;;
Capital Group;developer;https://www.cian.ru/sale/flat/283760201/;Москва;sale;flat;11;18;1;59.0;71812440;2025;-1;-1;-1;Неизвестно;-1;-1;+74951377208;Дорогомилово;;;Выставочная;Бадаевский ЖК
EstateLiga;real_estate_agent;https://www.cian.ru/sale/flat/298276291/;Москва;sale;flat;3;32;1;41.0;23490000;2022;-1;-1;-1;-1;24 м²;10 м²;+79067786797;Раменки; Лобачевского;120к1;Аминьевская;Крылья
Prime Life Development;developer;https://www.cian.ru/sale/flat/299132455/;Москва;sale;flat;19;28;1;41.09;23320524;2025;-1;Монолитный;-1;Без отделки, предчистовая;11,6 м²;-1;+74951370253;Нагатино-Садовники;Нагатинская ;к1вл1;Нагатинская;1-й Нагатинский
ЕГСН Продажа;real_estate_agent;https://www.cian.ru/sale/flat/298065569/;Москва;sale;flat;8;12;1;34.9;9400000;-1;-1;-1;-1;-1;20 м²;9,4 м²;+79645647890;Дмитровский;Клязьминская ;4;Яхромская;
Hutton Development;developer;https://www.cian.ru/sale/flat/293911202/;Москва;sale;flat;3;7;-1;202.0;171500000;2026;-1;-1;-1;Без отделки;13,9 м²;27,7 м²;+74951379715;Якиманка;Софийская набережная;34С3;Новокузнецкая;Клубный дом DUO
ЕГСН Продажа;real_estate_agent;https://www.cian.ru/sale/flat/298216420/;Москва;sale;flat;4;22;1;43.9;19500000;-1;-1;-1;-1;-1;-1;21 м²;+79645647890;Даниловский;бульвар Братьев Весниных;1;ЗИЛ;ЗИЛАРТ
Sminex;developer;https://www.cian.ru/sale/flat/293713807/;Москва;sale;flat;3;8;1;65.1;156320000;2024;-1;Монолитный;-1;Без отделки;15,1 м²;26,8 м²;+74951375467;Якиманка;;;Полянка;Лаврушинский ЖК
Sminex;developer;https://www.cian.ru/sale/flat/298029552/;Москва;sale;flat;1;5;1;80.6;170870000;2024;-1;Монолитно-кирпичный, монолитный;-1;Без отделки;18,1 м²;38,5 м²;+74951347302;Тверской;;;Площадь Революции;Ильинка 3/8 ЖК
ФСК Агент;real_estate_agent;https://www.cian.ru/sale/flat/297685940/;Москва;sale;flat;26;28;1;42.5;17849000;2024;-1;-1;-1;Без отделки;10,3 м²;19,1 м²;+79623689058;Обручевский; Академика Волгина;2С1;Калужская;Архитектор
Absolute Premium;developer;https://www.cian.ru/sale/flat/297686721/;Москва;sale;flat;8;18;1;74.9;88693000;2026;-1;Монолитный;-1;Без отделки, предчистовая;45,4 м²;-1;+74951374939;Хамовники;;;Воробьёвы горы;Коллекция Лужники ЖК
Whitewill;real_estate_agent;https://www.cian.ru/sale/flat/298481895/;Москва;sale;flat;9;20;1;42.8;19500000;2025;-1;-1;-1;Чистовая;13,1 м²;18,2 м²;+79031127715;Аэропорт;Часовая ;;Сокол;SOUL
Neva Towers;developer;https://www.cian.ru/sale/flat/298855594/;Москва;sale;flat;34;66;1;51.4;54278400;2020;-1;Монолитный;-1;Без отделки, чистовая;-1;-1;+74951387174;Пресненский;1-й Красногвардейский проезд;22с1;Выставочная;NEVA TOWERS
Whitewill;real_estate_agent;https://www.cian.ru/sale/flat/298484253/;Москва;sale;flat;3;14;1;38.8;17000000;2026;-1;-1;-1;Без отделки;17,8 м²;16 м²;+79854040807;Даниловский;проспект Лихачева;;Технопарк;Nagatino i-Land
Sense Development;developer;https://www.cian.ru/sale/flat/298147653/;Москва;sale;flat;10;13;1;41.1;28727105;2024;-1;Монолитный;-1;Предчистовая;25,6 м²;3,1 м²;+74951375240;Даниловский;Подольское шоссе;3;Тульская;Logos
COLDY;developer;https://www.cian.ru/sale/flat/297997324/;Москва;sale;flat;3;14;-1;202.0;190852541;2025;-1;Монолитно-кирпичный;-1;Без отделки;-1;-1;+74951384953;Хамовники;переулок 1-й Тружеников;12;Киевская;Хамовники 12
ID 96167522;realtor;https://www.cian.ru/sale/flat/294226529/;Москва;sale;flat;5;9;1;36.1;9120000;1980;-1;-1;-1;-1;-1;-1;+79660617014;Люблино; Верхние Поля;27С2;Братиславская;
Донстрой;developer;https://www.cian.ru/sale/flat/299621199/;Москва;sale;flat;2;12;1;59.0;45548000;2026;-1;Монолитный;-1;Без отделки, чистовая с мебелью;13 м²;25,7 м²;+74951387210;Раменки; Сергея Бондарчука;2;Мичуринский проспект;Река
ID 96167522;realtor;https://www.cian.ru/sale/flat/298882717/;Москва;sale;flat;9;9;1;36.5;9215000;1980;-1;-1;-1;-1;-1;-1;+79660617014;Люблино; Верхние Поля;27С2;Братиславская;
Level Group;developer;https://www.cian.ru/sale/flat/296507595/;Москва;sale;flat;31;68;1;34.0;12924737;2027;-1;Монолитный;-1;Без отделки, предчистовая, чистовая;16,1 м²;10,6 м²;+74951374977;Печатники;;3;Кожуховская;Левел Южнопортовая ЖК
ID 96167522;realtor;https://www.cian.ru/sale/flat/295766411/;Москва;sale;flat;9;9;1;35.3;8977500;1980;-1;-1;-1;-1;-1;-1;+79660617014;Люблино; Верхние Поля;27С2;Братиславская;
Основа;developer;https://www.cian.ru/sale/flat/293007170/;Москва;sale;flat;5;36;1;44.5;12482250;2026;-1;Монолитный;-1;Без отделки, предчистовая;18,6 м²;11,8 м²;+74951346369;Ярославский;проспект Мира;222;Ростокино;Квартал МИРАПОЛИС
САДОВЫЕ КВАРТАЛЫ;real_estate_agent;https://www.cian.ru/sale/flat/299009652/;Москва;sale;flat;5;13;1;55.6;82000000;-1;-1;-1;-1;-1;17,3 м²;17,6 м²;+79153701347;Хамовники; Усачева;11Б;Спортивная;Садовые кварталы
Sezar Group;developer;https://www.cian.ru/sale/flat/296578805/;Москва;sale;flat;18;25;1;49.2;26568000;2024;-1;Монолитно-кирпичный;-1;Без отделки;15,5 м²;17,3 м²;+74951344536;Тропарево-Никулино;проспект Вернадского;;;Клубный дом Full House
Ольга Медведева;realtor;https://www.cian.ru/sale/flat/297663914/;Москва;sale;flat;4;5;1;29.5;9700000;-1;-1;-1;-1;-1;8 м²;10 м²;+79067814526;Гольяново;Амурская ;1Ак1;Локомотив;Level Амурская
Основа;developer;https://www.cian.ru/sale/flat/299292676/;Москва;sale;flat;4;36;1;43.2;12096000;2026;-1;Монолитный;-1;Без отделки, предчистовая;20,5 м²;10,2 м²;+74951346369;Ярославский;проспект Мира;222;Ростокино;Квартал МИРАПОЛИС
ID 52489970;realtor;https://www.cian.ru/sale/flat/299461048/;Москва;sale;flat;8;9;1;34.0;11300000;1967;-1;-1;-1;-1;-1;8 м²;+79151217270;Северное Измайлово;Щелковское шоссе;90;Щёлковская;
St Michael;developer;https://www.cian.ru/sale/flat/298001384/;Москва;sale;flat;18;21;1;37.75;18856110;2024;-1;Монолитно-кирпичный;-1;Без отделки;11,9 м²;15,7 м²;+74951370057;Хорошевский;;;Полежаевская;Зорге 9 ЖК
Группа Родина;developer;https://www.cian.ru/sale/flat/285606803/;Москва;sale;flat;21;23;1;55.1;34196700;2024;-1;Монолитно-кирпичный;-1;Без отделки;15,4 м²;-1;+74951374518;Ростокино;;к2;Ботанический сад;Союз ЖК
ID 75089457;unknown;https://www.cian.ru/sale/flat/299137161/;Москва;sale;flat;6;8;1;29.4;14500000;1959;-1;-1;-1;-1;18 м²;5,5 м²;+79060420387;Останкинский;Звездный бульвар;26к1;ВДНХ;
Группа Родина;developer;https://www.cian.ru/sale/flat/285606968/;Москва;sale;flat;21;23;1;55.1;35794600;2024;-1;Монолитно-кирпичный;-1;Без отделки;15,3 м²;-1;+74951374518;Ростокино;;к1;Ботанический сад;Союз ЖК
MOD estate;real_estate_agent;https://www.cian.ru/sale/flat/299499349/;Москва;sale;flat;5;21;1;48.4;22800000;2024;-1;-1;-1;-1;15,8 м²;15,5 м²;+79807505779;Щукино;Щукинская ;3;Щукинская;Интонация
Forma;developer;https://www.cian.ru/sale/flat/299647973/;Москва;sale;flat;9;29;1;43.7;20967260;2026;-1;-1;-1;Без отделки;13,2 м²;21,2 м²;+74951374358;Аэропорт;Часовая ;28к8;Сокол;SOUL
Estes;real_estate_agent;https://www.cian.ru/sale/flat/299469852/;Москва;sale;flat;4;29;1;46.3;19955000;2023;-1;-1;-1;-1;17 м²;14 м²;+79099984743;Даниловский; Виктора Маслова;2;Автозаводская;RiverSky
Forma;developer;https://www.cian.ru/sale/flat/297989341/;Москва;sale;flat;7;20;1;39.74;18816971;2024;-1;Монолитно-кирпичный;-1;Без отделки, предчистовая;-1;20,2 м²;+74951387110;Даниловский;Автозаводская ;26;Тульская;FORST
ASTERUS;representative_developer;https://www.cian.ru/sale/flat/290753046/;Москва;sale;flat;20;25;1;59.6;25988390;2024;-1;Монолитно-кирпичный;-1;Без отделки, предчистовая;23,2 м²;20,3 м²;+74951346273;Покровское-Стрешнево;;к11;Тушинская;Алиа ЖК
Msk Estate;real_estate_agent;https://www.cian.ru/sale/flat/298843352/;Москва;sale;flat;13;22;1;17.6;8600000;1980;-1;-1;-1;-1;9,6 м²;3 м²;+79031506327;Тропарево-Никулино;Ленинский проспект;158;Юго-Западная;
Apsis Globe;developer;https://www.cian.ru/sale/flat/296192853/;Москва;sale;flat;3;9;1;39.59;11440000;2025;-1;Монолитно-кирпичный;-1;Чистовая;15,8 м²;4 м²;+74951379085;Косино-Ухтомский; Николая Старостина;вл14;Реутов;МФК CITIMIX Новокосино
ZAPAD REALTY - офис Маршала Жукова;real_estate_agent;https://www.cian.ru/sale/flat/292001549/;Москва;sale;flat;18;48;1;42.4;20000000;2022;-1;-1;-1;-1;15 м²;15,4 м²;+79857918826;Хорошево-Мневники; Народного Ополчения;15К1;Народное Ополчение;Wellton Towers
РГ-Девелопмент;developer;https://www.cian.ru/sale/flat/297618287/;Москва;sale;flat;3;15;1;36.6;12396420;2026;-1;Монолитный;-1;Без отделки;13,5 м²;12,4 м²;+74951378725;Головинский;Северный ао;;Коптево;Михалковский ЖК
Estes;real_estate_agent;https://www.cian.ru/sale/flat/296561320/;Москва;sale;flat;18;41;1;35.6;16300000;2024;-1;-1;-1;Без отделки;23 м²;-1;+79150074713;Хорошево-Мневники;Шелепихинская набережная;34к7;Шелепиха;Сердце Столицы
Acropol;real_estate_agent;https://www.cian.ru/sale/flat/297728964/;Москва;sale;flat;2;5;1;31.7;10800000;1963;-1;-1;-1;-1;19 м²;6 м²;+79683618715;Кузьминки;Волгоградский проспект;159К2;Кузьминки;
Татьяна Геннадьевна Сердечная;realtor;https://www.cian.ru/sale/flat/267693639/;Москва;sale;flat;7;12;1;41.0;11500000;2018;-1;-1;-1;-1;20 м²;15 м²;+79057164800;;бульвар Веласкеса;3к1;Прокшино;Испанские кварталы
Андрей Галаев;realtor;https://www.cian.ru/sale/flat/299284866/;Москва;sale;flat;4;14;1;37.7;11500000;2019;-1;-1;-1;-1;17 м²;10 м²;+79854456001;;бульвар Веласкеса;6;Филатов Луг;Испанские кварталы
Мария Балакина;realtor;https://www.cian.ru/sale/flat/299496599/;Москва;sale;flat;3;16;1;37.2;13999000;1981;-1;-1;-1;-1;-1;-1;+79660592363;Строгино;Таллинская ;2;Строгино;
Chase R.E.S.;real_estate_agent;https://www.cian.ru/sale/flat/298735611/;Москва;sale;flat;2;28;1;30.3;15490000;2025;-1;-1;-1;-1;16,1 м²;9,1 м²;+79685409240;Лефортово; Золоторожский Вал;11С26;Площадь Ильича;Символ
GRAND ESTATE - Премиальная недвижимость;real_estate_agent;https://www.cian.ru/sale/flat/298161719/;Москва;sale;flat;2;7;1;30.4;21000000;-1;-1;-1;-1;-1;17 м²;7 м²;+79651072135;Хамовники;Смоленский бульвар;7;Смоленская;
VSN Realty;real_estate_agent;https://www.cian.ru/sale/flat/299609970/;Москва;sale;flat;1;9;1;47.7;21586085;2022;-1;-1;-1;-1;-1;-1;+79850666993;Кунцево; Академика Павлова;7;Молодёжная;TWICE
Chase R.E.S.;real_estate_agent;https://www.cian.ru/sale/flat/291330392/;Москва;sale;flat;6;14;1;42.0;14000000;-1;-1;-1;-1;-1;14 м²;16 м²;+79153446474;;бульвар Веласкеса;2;Прокшино;Испанские кварталы
Владис;real_estate_agent;https://www.cian.ru/sale/flat/298834659/;Москва;sale;flat;30;31;1;37.0;14650000;2023;-1;-1;-1;-1;13,1 м²;13,9 м²;+79099665694;Нижегородский;Газгольдерная ;10;Нижегородская;Profit
EstateLiga;real_estate_agent;https://www.cian.ru/sale/flat/298771197/;Москва;sale;flat;14;30;1;37.8;16000000;2024;-1;-1;-1;-1;20 м²;10 м²;+79645956377;Южнопортовый;Волгоградский проспект;32/5к2;Угрешская;Метрополия
Chase R.E.S.;real_estate_agent;https://www.cian.ru/sale/flat/292499976/;Москва;sale;flat;10;15;1;40.0;18500000;2016;-1;-1;-1;-1;20 м²;9 м²;+79857136920;Беговой;Ленинградский проспект;35С2;Динамо;Квартал апартаментов Искра-Парк
ID 11242446;unknown;https://www.cian.ru/sale/flat/299614559/;Москва;sale;flat;5;25;1;39.0;19950000;2022;-1;-1;-1;-1;16 м²;15 м²;+79160097572;Щукино; Берзарина;30Б;Октябрьское поле;Октябрьское поле
Chase R.E.S.;real_estate_agent;https://www.cian.ru/sale/flat/293998940/;Москва;sale;flat;25;51;1;45.0;21700000;2019;-1;-1;-1;-1;15 м²;17 м²;+79660585760;Пресненский;Шмитовский проезд;39С4;Шелепиха;Headliner
AVIV ESTATE;real_estate_agent;https://www.cian.ru/sale/flat/299616169/;Москва;sale;flat;3;22;1;41.63;7464151;2022;-1;-1;-1;Без отделки;-1;-1;+79853834022;Бирюлево Восточное;6-я Радиальная ;вл7к30;Царицыно;Царицыно-2
Msk Estate;real_estate_agent;https://www.cian.ru/sale/flat/298794106/;Москва;sale;flat;7;7;1;19.1;7490000;-1;-1;-1;-1;-1;10,1 м²;4 м²;+79645640966;Марьина роща;проезд 3-й Марьиной рощи;40С1;Марьина Роща;
А101;developer;https://www.cian.ru/sale/flat/296534515/;Москва;sale;flat;3;17;1;20.9;7530735;2025;-1;-1;-1;Чистовая;6,3 м²;8,2 м²;+74951387242;;;7.1;Улица Горчакова;Бунинские Кварталы ЖК
Владис;real_estate_agent;https://www.cian.ru/sale/flat/299598380/;Москва;sale;flat;3;5;1;19.8;7500000;1956;-1;-1;-1;-1;10 м²;3 м²;+79099019406;Марфино;Гостиничная ;10К5;Окружная;Апартаменты Алтай
OPN PARTNER;real_estate_agent;https://www.cian.ru/sale/flat/298333746/;Москва;sale;flat;10;14;1;30.0;7590000;2019;-1;-1;-1;-1;-1;12 м²;+79660472795;; Харлампиева;50к3;Филатов Луг;Спортивный квартал
А101;developer;https://www.cian.ru/sale/flat/295067531/;Москва;sale;flat;8;9;1;36.1;7679192;2026;-1;Монолитно-кирпичный;-1;Без отделки, чистовая;14,5 м²;11,5 м²;+74951387243;;;;Толстопальцево;Родные кварталы
РИЭЛТ ХАУС;real_estate_agent;https://www.cian.ru/sale/flat/298868538/;Москва;sale;flat;1;5;1;29.6;8700000;1960;-1;-1;-1;-1;18,3 м²;5,3 м²;+79660625489;Покровское-Стрешнево; Свободы;2;Тушинская;
ФСК;developer;https://www.cian.ru/sale/flat/290027276/;Москва;sale;flat;6;15;1;36.73;8761655;2025;-1;Монолитно-кирпичный;-1;Без отделки, предчистовая, чистовая;11,9 м²;11,3 м²;+74951387180;;;к2;Солнцево;Движение. Говорово ЖК
Новые Ватутинки;real_estate_agent;https://www.cian.ru/sale/flat/296468472/;Москва;sale;flat;13;16;1;40.3;8800000;2023;-1;-1;-1;-1;17,2 м²;12 м²;+79850318241;; Гренадерская;9к3;Коммунарка;Новые Ватутинки, мкр. Десна
А101;developer;https://www.cian.ru/sale/flat/296666659/;Москва;sale;flat;11;19;1;37.3;8876679;2025;-1;-1;-1;Без отделки;14 м²;11,1 м²;+74951387242;;;;Бунинская аллея;Бунинские кварталы
КРОСТ;developer;https://www.cian.ru/sale/flat/295336768/;Москва;sale;flat;14;21;1;33.3;8824500;2025;-1;Монолитный;-1;Без отделки;10,8 м²;12,6 м²;+74951378819;;;;Прокшино;Новая Звезда ЖК
ГОРОДА;real_estate_agent;https://www.cian.ru/sale/flat/295618847/;Москва;sale;flat;6;9;1;32.5;8800000;1976;-1;-1;-1;-1;18,6 м²;6 м²;+79645641067;Чертаново Центральное; Красного Маяка;19К3;Пражская;
КРОСТ;developer;https://www.cian.ru/sale/flat/277811366/;Москва;sale;flat;20;22;1;31.8;8872200;2025;-1;Монолитный;-1;Без отделки;11 м²;9,2 м²;+74951378819;;;;Прокшино;Новая Звезда ЖК
Реалист;real_estate_agent;https://www.cian.ru/sale/flat/299378747/;Москва;sale;flat;3;8;1;38.4;9500000;2003;-1;-1;-1;-1;20,5 м²;8,6 м²;+79164711951;Люблино; Маршала Баграмяна;4;Люблино;
OPN PARTNER;real_estate_agent;https://www.cian.ru/sale/flat/294952235/;Москва;sale;flat;12;12;1;38.2;9490000;1977;-1;-1;-1;-1;-1;6 м²;+79660472795;Алтуфьевский;Костромская ;4;Бибирево;
ОГРК;real_estate_agent;https://www.cian.ru/sale/flat/298485326/;Москва;sale;flat;4;12;1;35.0;9600000;1969;-1;-1;-1;-1;20 м²;9,5 м²;+79672089940;Западное Дегунино;Ангарская ;3;;
Владис;real_estate_agent;https://www.cian.ru/sale/flat/298333996/;Москва;sale;flat;4;14;1;38.0;9600000;1970;-1;-1;-1;-1;18 м²;8 м²;+79161726022;Савёлки;Зеленоград;к519;Лобня;
НАТАНИЭЛЬ;real_estate_agent;https://www.cian.ru/sale/flat/295942718/;Москва;sale;flat;7;12;1;34.2;9700000;1965;-1;-1;-1;-1;18 м²;7,5 м²;+79651378519;Соколиная гора; Буракова;5К1;Сортировочная;
А101;developer;https://www.cian.ru/sale/flat/299534635/;Москва;sale;flat;6;14;1;37.1;9807728;2026;-1;Монолитно-кирпичный, монолитный;-1;Без отделки, предчистовая, черновая, чистовая;14 м²;10,9 м²;+74951379037;;;;Улица Скобелевская;Скандинавия
Новые Ватутинки;developer;https://www.cian.ru/sale/flat/297239148/;Москва;sale;flat;8;12;1;43.8;10126560;2025;-1;Монолитный;-1;Без отделки, чистовая;22,1 м²;11,2 м²;+74951378831;;;5/3;Аэропорт Внуково;Новые Ватутинки, мкр.  Заречный
1-й ДСК;developer;https://www.cian.ru/sale/flat/297606747/;Москва;sale;flat;3;16;1;32.2;10215450;2026;-1;Монолитный;-1;Предчистовая, чистовая;10,8 м²;11,5 м²;+74951387168;;;;Тёплый Стан;1-й Ясеневский
А101;developer;https://www.cian.ru/sale/flat/293988002/;Москва;sale;flat;9;13;1;32.0;10214474;2025;-1;Монолитно-кирпичный, монолитный;-1;Без отделки, предчистовая, черновая, чистовая;13,2 м²;9,3 м²;+74951379037;;;25.4;Бунинская аллея;Скандинавия ЖК
Ваше Подмосковье;real_estate_agent;https://www.cian.ru/sale/flat/298375955/;Москва;sale;flat;8;9;1;32.5;10200000;1965;-1;-1;-1;-1;18 м²;6 м²;+79857435984;Бескудниковский;Бескудниковский бульвар;28К2;Селигерская;
Новые Ватутинки;developer;https://www.cian.ru/sale/flat/297843816/;Москва;sale;flat;12;14;1;41.1;10320210;2024;-1;Монолитный;-1;Чистовая;16,2 м²;13,5 м²;+74951378829;;;к9/1.1;Ольховая;Новые Ватутинки, мкр. Центральный
Антонина Петровна Пронина;realtor;https://www.cian.ru/sale/flat/298439960/;Москва;sale;flat;11;25;1;38.0;10250000;2007;-1;-1;-1;-1;19,1 м²;7,8 м²;+79670389653;Солнцево; Главмосстроя;6;Говорово;
АгентФорт;real_estate_agent;https://www.cian.ru/sale/flat/298981209/;Москва;sale;flat;3;14;1;38.3;10250000;2003;-1;-1;-1;-1;20,8 м²;8,3 м²;+79651073445;Южное Бутово; Адмирала Лазарева;45;Бунинская аллея;
Самолет Плюс Москва ЦАО;real_estate_agent;https://www.cian.ru/sale/flat/293813700/;Москва;sale;flat;1;14;1;40.0;10590000;1988;-1;-1;-1;-1;20,9 м²;9 м²;+79652698894;Ново-Переделкино;Новопеределкинская ;9;;
CENTURY 21;real_estate_agent;https://www.cian.ru/sale/flat/299370362/;Москва;sale;flat;1;10;1;43.0;10600000;2014;-1;-1;-1;-1;24 м²;11 м²;+79104359213;; Липовый Парк;10к1;Коммунарка;Коммунарка
Новые Ватутинки;developer;https://www.cian.ru/sale/flat/297843134/;Москва;sale;flat;9;14;1;41.2;10567800;2024;-1;Монолитный;-1;Чистовая;16,2 м²;13,9 м²;+74951378829;;;к9/2.2;Ольховая;Новые Ватутинки, мкр. Центральный
Екатерина Москвина;realtor;https://www.cian.ru/sale/flat/299611159/;Москва;sale;flat;4;17;1;35.9;10600000;2000;-1;-1;-1;-1;18 м²;9 м²;+79199919342;Марьино;Братиславская ;5;Братиславская;
А101;developer;https://www.cian.ru/sale/flat/296805518/;Москва;sale;flat;6;18;1;34.7;10693457;2025;-1;-1;-1;Чистовая;11,9 м²;11,5 м²;+74951375089;;;6.1.1;Бунинская аллея;Дзен-кварталы ЖК
МонАрх;developer;https://www.cian.ru/sale/flat/295830553/;Москва;sale;flat;16;30;1;36.8;10745600;2024;-1;Монолитный;-1;Без отделки;18,1 м²;-1;+74951347641;Черемушки; Наметкина;10Д;Воронцовская;Комплекс апартаментов AIST RESIDENCE
ОГРК;real_estate_agent;https://www.cian.ru/sale/flat/298743351/;Москва;sale;flat;5;5;1;30.0;10700000;1960;-1;-1;-1;-1;19 м²;6 м²;+79672089940;Войковский;Ленинградское шоссе;13К2;Войковская;
ЛэндЛ;real_estate_agent;https://www.cian.ru/sale/flat/299426713/;Москва;sale;flat;11;17;1;37.8;11400000;1987;-1;-1;-1;-1;19,1 м²;8,4 м²;+79853829256;Солнцево;Солнцевский проспект;19;Солнцево;
CENTURY 21 Перспектива;real_estate_agent;https://www.cian.ru/sale/flat/298641099/;Москва;sale;flat;6;14;1;36.9;11500000;1994;-1;-1;-1;-1;18 м²;9 м²;+79067756023;Марьино;Марьинский бульвар;3;Марьино;
EstateLiga;real_estate_agent;https://www.cian.ru/sale/flat/296112704/;Москва;sale;flat;9;14;1;35.0;11500000;1969;-1;-1;-1;-1;20 м²;9 м²;+79652709336;Очаково-Матвеевское;Матвеевская ;5;Аминьевская;
Сергей Зилотов;realtor;https://www.cian.ru/sale/flat/298725364/;Москва;sale;flat;7;14;1;38.0;11500000;2008;-1;-1;-1;-1;18,9 м²;7,5 м²;+79106707586;Западное Дегунино;Коровинское шоссе;3К2;Селигерская;
CENTURY 21;real_estate_agent;https://www.cian.ru/sale/flat/297721712/;Москва;sale;flat;3;9;1;42.0;11500000;2018;-1;-1;-1;-1;17 м²;15 м²;+79651096613;;бульвар Андрея Тарковского;5;Рассказовка;Рассказово
РГ-Девелопмент;developer;https://www.cian.ru/sale/flat/293650837/;Москва;sale;flat;30;30;1;46.3;11468510;2025;-1;Монолитный;-1;Без отделки, предчистовая;18,6 м²;12,8 м²;+74951387040;Чертаново Южное;;1.1;Аннино;Варшавские Ворота ЖК
ОЛ ИНКЛЮЗИВ;real_estate_agent;https://www.cian.ru/sale/flat/298962475/;Москва;sale;flat;4;9;1;31.0;11500000;1969;-1;-1;-1;-1;19 м²;6 м²;+79154663006;Южное Тушино;бульвар Яна Райниса;19К2;Сходненская;
ФСК;developer;https://www.cian.ru/sale/flat/294627171/;Москва;sale;flat;2;22;1;35.1;12380823;2022;-1;Монолитно-кирпичный;-1;Без отделки, предчистовая, чистовая;19,1 м²;4,8 м²;+74951387365;Покровское-Стрешнево;Волоколамское шоссе;71/22к3;Спартак;Апарт-комплекс Движение.Тушино
OXE CAPITAL - Элитная Недвижимость;real_estate_agent;https://www.cian.ru/sale/flat/298883263/;Москва;sale;flat;8;25;1;39.9;12350000;2022;-1;-1;-1;-1;-1;15 м²;+79099986975;; Никитина;11к4;Рассказовка;Город-парк Первый Московский
Самолет Плюс Москва;real_estate_agent;https://www.cian.ru/sale/flat/298603304/;Москва;sale;flat;4;12;1;35.4;12500000;-1;-1;-1;-1;-1;20,2 м²;9,6 м²;+79660638799;Коптево;Большая Академическая ;17;Войковская;
MR Group;developer;https://www.cian.ru/sale/flat/299526123/;Москва;sale;flat;2;48;1;30.7;12524955;2027;-1;Монолитно-кирпичный;-1;Предчистовая;10 м²;13,2 м²;+74951346365;Покровское-Стрешнево;Вишневая ;7С128;Тушинская;Мультиквартал CITYZEN
ID 73038306;real_estate_agent;https://www.cian.ru/sale/flat/299361449/;Москва;sale;flat;7;9;1;32.6;12800000;1963;-1;-1;-1;-1;20,5 м²;6 м²;+79154890653;Зюзино;Азовская ;9К1;Нахимовский проспект;
КОРТРОС;developer;https://www.cian.ru/sale/flat/298603676/;Москва;sale;flat;15;26;1;25.4;12928600;2024;-1;Монолитно-кирпичный;-1;Без отделки, предчистовая, чистовая;19,1 м²;-1;+74951387159;Останкинский;;;ВДНХ;АйЛав ЖК
Анна Озерецковская;realtor;https://www.cian.ru/sale/flat/299498202/;Москва;sale;flat;2;9;1;32.3;12950000;1965;-1;-1;-1;-1;-1;-1;+79684379071;Хорошево-Мневники; Демьяна Бедного;2к1;Народное Ополчение;
Место;real_estate_agent;https://www.cian.ru/sale/flat/298979276/;Москва;sale;flat;11;16;1;44.4;13700000;2005;-1;-1;-1;-1;18,7 м²;12 м²;+79151860651;Печатники; Гурьянова;4К1;Печатники;
Свой родной дом;real_estate_agent;https://www.cian.ru/sale/flat/299085185/;Москва;sale;flat;21;33;1;41.1;13700000;-1;-1;-1;-1;-1;12,3 м²;18,8 м²;+79805105160;Отрадное;Сигнальный проезд;16к1;Владыкино;Сигнальный 16
Колди;developer;https://www.cian.ru/sale/flat/298329163/;Москва;sale;flat;14;21;1;35.0;13772391;2024;-1;Монолитно-кирпичный;-1;Без отделки, предчистовая, чистовая;-1;-1;+74951370086;Нижегородский;;;Калитники;Н'айс Лофт ЖК
Времена года;real_estate_agent;https://www.cian.ru/sale/flat/298376811/;Москва;sale;flat;5;15;1;40.0;13700000;2022;-1;-1;-1;-1;-1;-1;+79163558034;; Малое Понизовье;4;Филатов Луг;Саларьево парк
ЛэндЛ;real_estate_agent;https://www.cian.ru/sale/flat/296816715/;Москва;sale;flat;16;22;1;39.3;13700000;2007;-1;-1;-1;-1;20 м²;10 м²;+79647927812;Богородское;Краснобогатырская ;9;Белокаменная;
Level Group;developer;https://www.cian.ru/sale/flat/299038888/;Москва;sale;flat;2;12;1;33.9;13874008;2026;-1;Монолитный;-1;Без отделки, предчистовая, чистовая;16,6 м²;10,8 м²;+74951374693;Очаково-Матвеевское;;к9;Аминьевская;Левел Мичуринский ЖК
Эксклюзив Хоум;real_estate_agent;https://www.cian.ru/sale/flat/299474994/;Москва;sale;flat;3;14;1;35.7;13800000;2009;-1;-1;-1;-1;-1;9,2 м²;+79150750924;Марфино;Большая Марфинская ;4к4;Улица Милашенкова;
Этажи Москва;real_estate_agent;https://www.cian.ru/sale/flat/299071528/;Москва;sale;flat;5;9;1;32.9;13950000;1963;-1;-1;-1;-1;-1;5,2 м²;+79645386847;Ломоносовский; Гарибальди;8К4;Новаторская;
ЛСР;developer;https://www.cian.ru/sale/flat/297474115/;Москва;sale;flat;21;30;1;31.6;15131186;2026;-1;Монолитный;-1;Без отделки, чистовая, чистовая с мебелью;17,1 м²;9,5 м²;+74951377214;Москворечье-Сабурово;;;Москворечье;Вэйв ЖК
ID 19839194;homeowner;https://www.cian.ru/sale/flat/298937861/;Москва;sale;flat;12;19;1;36.0;15200000;2017;-1;-1;-1;-1;15 м²;10 м²;+79672648317;Солнцево;Производственная ;12к1;Солнцево;Лучи
Основа;developer;https://www.cian.ru/sale/flat/293804028/;Москва;sale;flat;3;36;1;55.9;15428400;2026;-1;Монолитный;-1;Без отделки, предчистовая;14,9 м²;11,2 м²;+74951346369;Ярославский;проспект Мира;222;Ростокино;Квартал МИРАПОЛИС
Владис;real_estate_agent;https://www.cian.ru/sale/flat/299022647/;Москва;sale;flat;31;33;1;42.68;15350000;2025;-1;-1;-1;Чистовая;14,8 м²;18,8 м²;+79099665694;Южнопортовый;;1.3;Волгоградский проспект;Первый Дубровский ЖК
Брусника Обмен;real_estate_agent;https://www.cian.ru/sale/flat/296556180/;Москва;sale;flat;5;5;1;31.0;15350000;-1;-1;-1;-1;-1;15 м²;-1;+79660532907;Дорогомилово;Студенческая ;12;;
ОГРК;real_estate_agent;https://www.cian.ru/sale/flat/297759350/;Москва;sale;flat;7;23;1;38.0;15500000;2018;-1;-1;-1;-1;17 м²;8 м²;+79672089940;Проспект Вернадского;проспект Вернадского;54;Проспект Вернадского;
CENTURY 21;real_estate_agent;https://www.cian.ru/sale/flat/293687122/;Москва;sale;flat;2;6;1;50.3;15450000;2018;-1;-1;-1;-1;12,2 м²;8 м²;+79164725525;; Зеленая Горка;1к1;Говорово;Татьянин Парк
МИЦ-Столичный ипотечный центр недвижимости;real_estate_agent;https://www.cian.ru/sale/flat/298211391/;Москва;sale;flat;15;17;1;50.0;16300000;2014;-1;-1;-1;-1;18,6 м²;17 м²;+79163236639;; Татьянин Парк;11;Говорово;Татьянин Парк
Эксклюзив Хоум;real_estate_agent;https://www.cian.ru/sale/flat/292030671/;Москва;sale;flat;3;8;1;49.7;16250000;1959;-1;-1;-1;-1;25,5 м²;-1;+79197660288;Лефортово;Энергетическая ;22;Авиамоторная;
MR Group;developer;https://www.cian.ru/sale/flat/285042533/;Москва;sale;flat;34;53;1;39.8;16442210;2025;-1;Монолитный;-1;Предчистовая;12,9 м²;20 м²;+74951387212;Покровское-Стрешнево;Северо-Западный ао;;Трикотажная;Сити Бэй ЖК
Самолет Плюс;real_estate_agent;https://www.cian.ru/sale/flat/298749656/;Москва;sale;flat;9;16;1;34.3;16500000;-1;-1;-1;-1;-1;19 м²;10 м²;+79855650933;Замоскворечье;Большая Пионерская ;33К2;;
Группа Аквилон;developer;https://www.cian.ru/sale/flat/297904970/;Москва;sale;flat;4;23;1;34.8;16441260;2026;-1;Монолитно-кирпичный;-1;Предчистовая;12,6 м²;11,1 м²;+74951378818;Хорошевский;;;Зорге;Инди Тауэрс ЖК
ЛСР;developer;https://www.cian.ru/sale/flat/293200556/;Москва;sale;flat;10;58;1;36.9;16641014;2026;-1;Монолитный;-1;Без отделки, чистовая, чистовая с мебелью;20,8 м²;11,1 м²;+74951387197;Коньково;40-й кв-л;к1;Калужская;Обручева 30 ЖК
РГ-Девелопмент;developer;https://www.cian.ru/sale/flat/299025523/;Москва;sale;flat;26;27;1;38.2;16559700;2024;-1;Панельный, монолитный;-1;Без отделки, предчистовая, чистовая;14 м²;10,2 м²;+74951378815;Щукино; Берзарина;;Щукинская;Октябрьское поле
ФСК Агент;real_estate_agent;https://www.cian.ru/sale/flat/299114060/;Москва;sale;flat;4;28;1;35.0;17800000;2025;-1;-1;-1;Без отделки;12 м²;11,3 м²;+79652548528;Нагатино-Садовники;Варшавское шоссе;37АК1;Нагатинская;Rotterdam
ID 79938038;homeowner;https://www.cian.ru/sale/flat/298641381/;Москва;sale;flat;19;33;1;31.7;17800000;2023;-1;-1;-1;-1;-1;-1;+79057156521;Хорошево-Мневники;Причальный проезд;10Б;Шелепиха;Level Причальный
ЛСР;developer;https://www.cian.ru/sale/flat/293202206/;Москва;sale;flat;26;32;1;35.7;18062664;2025;-1;Монолитно-кирпичный, монолитный;-1;Без отделки, чистовая, чистовая с мебелью;20 м²;10,7 м²;+74951378813;Западное Дегунино;Северный ао;;Верхние Лихоборы;Дмитровское небо ЖК
ID 22653;real_estate_agent;https://www.cian.ru/sale/flat/298543513/;Москва;sale;flat;4;18;1;37.6;18000000;2007;-1;-1;-1;-1;19 м²;10 м²;+79652359211;Раменки; Столетова;8;Ломоносовский проспект;
Самолет Плюс Москва;real_estate_agent;https://www.cian.ru/sale/flat/296385467/;Москва;sale;flat;3;11;1;35.0;18000000;1962;-1;-1;-1;-1;16,8 м²;9 м²;+79660638799;Якиманка;Ленинский проспект;7;;
Самолет Плюс Москва;real_estate_agent;https://www.cian.ru/sale/flat/296211573/;Москва;sale;flat;5;23;1;40.3;18000000;2013;-1;-1;-1;-1;18,5 м²;10,2 м²;+79660638799;Строгино; Твардовского;12к3;Строгино;Альбатрос
ЛСР;developer;https://www.cian.ru/sale/flat/297462647/;Москва;sale;flat;8;28;1;40.5;18112248;2025;-1;Монолитно-кирпичный, монолитный;-1;Без отделки, чистовая;23,4 м²;12,2 м²;+74951378798;Даниловский;18/19/27;18/19/27;ЗИЛ;Зиларт ЖК
MR Group;developer;https://www.cian.ru/sale/flat/299115757/;Москва;sale;flat;13;15;1;39.94;18128766;2026;-1;Монолитно-кирпичный, монолитный;-1;Без отделки, предчистовая, чистовая;-1;-1;+74951387204;Западное Дегунино;Северный ао;;Селигерская;Селигер Сити ЖК
РКС Девелопмент;developer;https://www.cian.ru/sale/flat/298008458/;Москва;sale;flat;6;16;1;46.12;19218204;2025;-1;Монолитный;-1;Чистовая;-1;-1;+74951378848;Даниловский;Автозаводская ;24К1;ЗИЛ;Дом на набережной INSIDER
MR Group;developer;https://www.cian.ru/sale/flat/298229752/;Москва;sale;flat;16;39;1;43.68;19222214;2026;-1;Монолитно-кирпичный, монолитный;-1;Без отделки, предчистовая, чистовая;-1;-1;+74951387204;Западное Дегунино;Северный ао;;Селигерская;Селигер Сити ЖК
ID 112964266;real_estate_agent;https://www.cian.ru/sale/flat/299249513/;Москва;sale;flat;13;23;1;37.2;19000000;2024;-1;-1;-1;-1;10,9 м²;16,4 м²;+79646348192;Хорошевский; Зорге;9;Полежаевская;Зорге 9
St Michael;developer;https://www.cian.ru/sale/flat/298001333/;Москва;sale;flat;17;21;1;39.29;19392240;2024;-1;Монолитно-кирпичный;-1;Без отделки;11,8 м²;18,3 м²;+74951370057;Хорошевский;;;Полежаевская;Зорге 9 ЖК
Концерн КРОСТ;developer;https://www.cian.ru/sale/flat/298496731/;Москва;sale;flat;14;19;1;29.0;19459000;2024;-1;Монолитный;-1;Без отделки;8,4 м²;13,2 м²;+74951387165;Щукино; Ротмистрова;2;Октябрьское поле;Театральный квартал
Владис;real_estate_agent;https://www.cian.ru/sale/flat/298219173/;Москва;sale;flat;13;20;1;42.0;19500000;2018;-1;-1;-1;-1;9,5 м²;15,7 м²;+79099019406;Хорошево-Мневники;3-я Хорошевская ;21к6;Зорге;Хорошевский
Forma;developer;https://www.cian.ru/sale/flat/299487421/;Москва;sale;flat;2;29;1;38.4;19450444;2026;-1;-1;-1;Без отделки;13,5 м²;14,3 м²;+74951374358;Аэропорт;Часовая ;28к8;Сокол;SOUL
ФСК Агент;real_estate_agent;https://www.cian.ru/sale/flat/293834047/;Москва;sale;flat;19;39;1;40.4;20500000;2024;-1;-1;-1;Чистовая;16 м²;10 м²;+79855523853;Ростокино; Вильгельма Пика;;Ботанический сад;Режиссёр
ID 112964266;real_estate_agent;https://www.cian.ru/sale/flat/299270857/;Москва;sale;flat;16;23;1;39.0;20500000;2022;-1;-1;-1;-1;11,5 м²;18,5 м²;+79646348192;Хорошевский; Зорге;9к1;Зорге;
VSN Realty;real_estate_agent;https://www.cian.ru/sale/flat/291771413/;Москва;sale;flat;10;28;1;37.67;20495970;2024;-1;-1;-1;Без отделки;-1;-1;+79850666993;Марфино; Академика Королева;21;Бутырская;Дом Достижение
Эталон;developer;https://www.cian.ru/sale/flat/299226640/;Москва;sale;flat;11;17;1;42.1;20875762;2024;-1;Монолитно-кирпичный, монолитный;-1;Без отделки;12,5 м²;16,4 м²;+74951377321;Даниловский;2-я оч.;к8;Технопарк;Shagal
А101;developer;https://www.cian.ru/sale/flat/288822008/;Москва;sale;flat;6;16;1;36.2;21096687;2025;-1;Монолитно-кирпичный;-1;Предчистовая;16,2 м²;9,1 м²;+74951374961;Сокол; Зорге;25С2;Октябрьское поле;Дом на Зорге
OXE CAPITAL - Элитная Недвижимость;real_estate_agent;https://www.cian.ru/sale/flat/297312651/;Москва;sale;flat;2;28;1;38.3;21000000;2021;-1;-1;-1;-1;-1;-1;+79099986975;Хорошево-Мневники;бульвар Генерала Карбышева;11;Карамышевская;Union Park
КОРТРОС;developer;https://www.cian.ru/sale/flat/289877836/;Москва;sale;flat;47;51;1;30.08;21176320;2024;-1;Монолитно-кирпичный;-1;Без отделки;11,6 м²;-1;+74951387367;Пресненский;Шелепихинское шоссе;;Шелепиха;Headliner
ФСК Агент;real_estate_agent;https://www.cian.ru/sale/flat/296440312/;Москва;sale;flat;20;25;1;38.1;22100000;2023;-1;-1;-1;Без отделки;14,1 м²;9,9 м²;+79623682283;Хорошево-Мневники;Шелепихинская набережная;40к2;Шелепиха;Sydney City
MR Group;developer;https://www.cian.ru/sale/flat/288824446/;Москва;sale;flat;2;41;1;38.88;22244657;2024;-1;Монолитно-кирпичный;-1;Предчистовая, чистовая;24,4 м²;-1;+74951387081;Раменки;1-й Сетуньский проезд;вл10;Лужники;Hide
Ольга Фраткина;realtor;https://www.cian.ru/sale/flat/294716072/;Москва;sale;flat;11;17;1;55.8;22500000;2000;-1;-1;-1;-1;25 м²;14 м²;+79099517245;Покровское-Стрешнево;Волоколамское шоссе;60К2;Щукинская;
ФСК Агент;real_estate_agent;https://www.cian.ru/sale/flat/299182411/;Москва;sale;flat;13;44;1;48.8;22500000;2024;-1;-1;-1;Чистовая;17 м²;6,5 м²;+79623682283;Хорошево-Мневники;к2/2;к2/2;Шелепиха;Сидней Сити ЖК
Regions Development;developer;https://www.cian.ru/sale/flat/299532915/;Москва;sale;flat;8;17;1;44.48;22562385;2024;-1;Монолитно-кирпичный;-1;Без отделки;20,8 м²;11,7 м²;+74951377220;Преображенское;Жилой комплекс Преображенская площадь;;Преображенская площадь;Преображенская площадь
do A.S.A.P.;real_estate_agent;https://www.cian.ru/sale/flat/298139761/;Москва;sale;flat;2;13;1;45.1;22600000;2023;-1;-1;-1;Без отделки;15,2 м²;18,9 м²;+79660480418;Хорошево-Мневники;Жилой комплекс остров;к5;Терехово ;Остров
Sminex;developer;https://www.cian.ru/sale/flat/293712374/;Москва;sale;flat;20;21;1;38.7;22990000;2024;-1;Монолитный;-1;Без отделки;13 м²;16,3 м²;+74951347316;Марфино; Академика Королева;21;Телецентр;Дом Достижение
Времена года;real_estate_agent;https://www.cian.ru/sale/flat/299018558/;Москва;sale;flat;1;14;1;44.1;24700000;-1;-1;-1;-1;-1;-1;-1;+79153583767;Раменки;;к10;;Вест Гарден ЖК
ФСК Агент;real_estate_agent;https://www.cian.ru/sale/flat/297360896/;Москва;sale;flat;32;44;1;45.5;24900000;2024;-1;-1;-1;Чистовая;18,5 м²;15,5 м²;+79623682283;Хорошево-Мневники; Шеногина;;Шелепиха;Sydney City
Концерн КРОСТ;developer;https://www.cian.ru/sale/flat/298380387/;Москва;sale;flat;18;19;1;39.5;25082500;2024;-1;Монолитный;-1;Без отделки;21,6 м²;12,9 м²;+74951387165;Щукино; Ротмистрова;2;Октябрьское поле;Театральный квартал
ID 90289798;unknown;https://www.cian.ru/sale/flat/299660663/;Москва;sale;flat;5;14;1;42.0;24900000;1973;-1;-1;-1;-1;-1;-1;+79197665235;Хамовники;Большой Саввинский переулок;10С1;Киевская;
Концерн КРОСТ;developer;https://www.cian.ru/sale/flat/298380112/;Москва;sale;flat;11;24;1;38.6;25630400;2024;-1;Монолитный;-1;Без отделки;11,5 м²;13,8 м²;+74951387165;Щукино;;;Октябрьское поле;Театральный Квартал ЖК
Главстрой;developer;https://www.cian.ru/sale/flat/296921113/;Москва;sale;flat;15;18;1;42.8;25581859;2024;-1;Монолитно-кирпичный;-1;Без отделки;14,5 м²;16,1 м²;+74951379308;Филевский парк;Береговой проезд;2;Народное Ополчение;Береговой-2
EstateLiga;real_estate_agent;https://www.cian.ru/sale/flat/295019859/;Москва;sale;flat;6;10;1;53.0;25400000;2015;-1;-1;-1;-1;15 м²;20 м²;+79645662192;Басманный;Нижняя Красносельская ;35С48;Бауманская;TriBeCa APARTMENTS
ФСК Агент;real_estate_agent;https://www.cian.ru/sale/flat/299322311/;Москва;sale;flat;5;45;1;56.2;25600000;2024;-1;-1;-1;Без отделки;16,8 м²;21,5 м²;+79851724979;Хорошево-Мневники; Шеногина;;Хорошёво;Sydney City
КОРТРОС;developer;https://www.cian.ru/sale/flat/289877832/;Москва;sale;flat;12;14;1;44.56;28473840;2024;-1;Монолитно-кирпичный;-1;Без отделки;14,7 м²;-1;+74951387367;Пресненский;;;Шелепиха;Хедлайнер ЖК
Бест офис на Таганской;real_estate_agent;https://www.cian.ru/sale/flat/297988751/;Москва;sale;flat;9;21;1;42.1;28899000;2024;-1;-1;-1;-1;16,6 м²;20,5 м²;+79660530736;Басманный; Земляной Вал;37;Чкаловская;Дом Chkalov
MR Group;developer;https://www.cian.ru/sale/flat/295722140/;Москва;sale;flat;52;55;1;44.21;29144558;2024;-1;Монолитно-кирпичный;-1;Предчистовая, чистовая;-1;-1;+74951387065;Марьина роща; 4-я Марьиной рощи;12к2;Рижская;Mod
Стадион Спартак;developer;https://www.cian.ru/sale/flat/276650470/;Москва;sale;flat;3;22;1;49.4;29220100;2025;-1;Монолитный;-1;Без отделки, черновая;13,8 м²;11 м²;+74951387190;Покровское-Стрешнево;Северо-Западный ао;;Спартак;Клубный Город на Реке Примавера ЖК
One Moscow;real_estate_agent;https://www.cian.ru/sale/flat/298939595/;Москва;sale;flat;3;10;1;46.2;29300000;2023;-1;-1;-1;-1;13,3 м²;3,2 м²;+79686143933;Беговой; 1-я Ямского Поля;1к1;Белорусская;Slava
GloraX;developer;https://www.cian.ru/sale/flat/293200136/;Москва;sale;flat;5;21;1;54.3;29709999;2024;-1;Монолитный;-1;Предчистовая;14,1 м²;-1;+74951378830;Беговой; 1-я Ямского Поля;28С3;Белорусская;GloraX Premium Белорусская
Арт Риэлти;real_estate_agent;https://www.cian.ru/sale/flat/298519060/;Москва;sale;flat;5;19;1;52.0;29990000;2018;-1;-1;-1;-1;20 м²;17,5 м²;+79623624568;Хорошево-Мневники;Шелепихинская набережная;34к1зд4;Шелепиха;Сердце Столицы
FORMA;developer;https://www.cian.ru/sale/flat/298003593/;Москва;sale;flat;3;26;1;49.37;38130771;2025;-1;Монолитный;-1;Без отделки, предчистовая;12,8 м²;19,2 м²;+74951370018;Пресненский;к2.1;к2.1;Белорусская;Репаблик ЖК
Рублево-Архангельское;developer;https://www.cian.ru/sale/flat/293721207/;Москва;sale;flat;7;13;1;70.04;38599044;2024;-1;Монолитно-кирпичный;-1;Чистовая;15 м²;23,4 м²;+74951387020;;;В20 кв-л;Опалиха;Сберсити ЖК
IKON Development;developer;https://www.cian.ru/sale/flat/299163304/;Москва;sale;flat;15;21;1;43.7;39330000;2024;-1;Монолитно-кирпичный, монолитный;-1;Чистовая;13 м²;22,5 м²;+74951375133;Басманный; Земляной Вал;37;Чкаловская;Дом Chkalov
ДомДау;developer;https://www.cian.ru/sale/flat/290778380/;Москва;sale;flat;20;85;1;54.23;40162876;2027;-1;Монолитный;-1;Черновая;-1;-1;+74951379093;Пресненский;Краснопресненская набережная;;Выставочная;Дом Дау
Аеон-Девелопмент;developer;https://www.cian.ru/sale/flat/298011054/;Москва;sale;flat;3;46;1;47.7;39959024;2026;-1;Монолитно-кирпичный;-1;Без отделки, предчистовая, черновая, чистовая;27,2 м²;4,9 м²;+74951374925;Дорогомилово;Кутузовский проезд;16А/1;Фили;River Park Кутузовский
INVEST 7;real_estate_agent;https://www.cian.ru/sale/flat/298207053/;Москва;sale;flat;35;68;1;51.4;41500000;2019;-1;-1;-1;-1;38 м²;8 м²;+79680123159;Пресненский;1-й Красногвардейский проезд;22с1;Тестовская;NEVA TOWERS
Capital Group;developer;https://www.cian.ru/sale/flat/298020354/;Москва;sale;flat;15;67;1;47.5;43500000;2024;-1;Монолитный;-1;Без отделки, предчистовая, чистовая;34,5 м²;8 м²;+74951387140;Пресненский;Краснопресненская набережная;14Ак1;Выставочная;Capital Towers
Трансстройинвест;developer;https://www.cian.ru/sale/flat/296303065/;Москва;sale;flat;2;8;1;71.9;95879153;2026;-1;Монолитный;-1;Без отделки;-1;27,9 м²;+74951374014;Мещанский;Большой Кисельный переулок;11/2с2;Тургеневская;Frank's house
RARITECO;developer;https://www.cian.ru/sale/flat/296749808/;Москва;sale;flat;2;8;1;57.6;97920000;2026;-1;Монолитно-кирпичный;-1;Без отделки, чистовая;18,3 м²;23,6 м²;+74951374112;Замоскворечье;Большая Татарская ;21С8;Новокузнецкая;Клубный дом Quartier d'Or
Трансстройинвест;developer;https://www.cian.ru/sale/flat/296303078/;Москва;sale;flat;2;7;1;71.4;97405308;2026;-1;Монолитный;-1;Без отделки;-1;22,4 м²;+74951374014;Мещанский;Большой Кисельный переулок;11;Тургеневская;Frank's house
Hutton Development;developer;https://www.cian.ru/sale/flat/293911177/;Москва;sale;flat;2;7;-1;202.0;103840000;2026;-1;-1;-1;Без отделки;14,1 м²;18,6 м²;+74951379715;Якиманка;Софийская набережная;34С3;Новокузнецкая;Клубный дом DUO
Sminex;developer;https://www.cian.ru/sale/flat/297692367/;Москва;sale;flat;1;6;1;112.0;134880000;2025;-1;Монолитный;-1;Без отделки;41,6 м²;34,3 м²;+74951347314;Басманный;Потаповский переулок;5С4;Чистые пруды;Чистые Пруды
Hutton Development;developer;https://www.cian.ru/sale/flat/293911198/;Москва;sale;flat;2;7;-1;202.0;149904000;2026;-1;-1;-1;Без отделки;13,9 м²;27,9 м²;+74951379715;Якиманка;Софийская набережная;34С3;Новокузнецкая;Клубный дом DUO
Sminex;developer;https://www.cian.ru/sale/flat/297972191/;Москва;sale;flat;1;4;1;67.4;163440000;2024;-1;Монолитно-кирпичный, монолитный;-1;Без отделки;17,7 м²;27,3 м²;+74951347302;Тверской;;;Площадь Революции;Ильинка 3/8 ЖК
Ордер;real_estate_agent;https://www.cian.ru/sale/flat/280729658/;Москва;sale;flat;6;9;1;42.5;5850000;2024;-1;-1;-1;Без отделки;20 м²;9,6 м²;+79154398945;; Луговая;;Рассказовка;Эдельвейс
Апрелевка С2;developer;https://www.cian.ru/sale/flat/297846865/;Москва;sale;flat;3;3;1;40.7;5982900;2022;-1;-1;-1;Без отделки;-1;-1;+74951374087;Новофедоровское поселение; Генерала Донскова;25к3;;Борисоглебское
Ордер;real_estate_agent;https://www.cian.ru/sale/flat/280800172/;Москва;sale;flat;6;7;1;43.14;6039600;2024;-1;-1;-1;Без отделки;20,3 м²;9,6 м²;+79154398945;; Луговая;;Рассказовка;Эдельвейс
ID 23228904;realtor;https://www.cian.ru/sale/flat/299488643/;Москва;sale;flat;5;12;1;34.9;6000000;1987;-1;-1;-1;-1;19,5 м²;9,6 м²;+79850103905;;;5;Коммунарка;
ФСК;developer;https://www.cian.ru/sale/flat/290027165/;Москва;sale;flat;2;15;1;24.7;6130540;2025;-1;Монолитно-кирпичный;-1;Без отделки, предчистовая, чистовая;13,2 м²;6,5 м²;+74951387180;;;к2;Солнцево;Движение. Говорово ЖК
Этажи Москва;real_estate_agent;https://www.cian.ru/sale/flat/299244425/;Москва;sale;flat;1;5;1;36.7;6100000;1998;-1;-1;-1;-1;-1;9 м²;+79651092392;Троицк; Новая;2;;
Апрелевка С2;developer;https://www.cian.ru/sale/flat/298379376/;Москва;sale;flat;3;3;1;41.1;6165000;2022;-1;-1;-1;Без отделки;-1;-1;+74951374087;Новофедоровское поселение; Генерала Донскова;25к4;;Борисоглебское
Самолет;developer;https://www.cian.ru/sale/flat/299291706/;Москва;sale;flat;10;16;1;27.0;6240618;2024;-1;Монолитно-кирпичный;-1;Без отделки, чистовая;9,6 м²;8 м²;+74951347268;;;к2;Филатов Луг;Цветочные Поляны
Upside Development;developer;https://www.cian.ru/sale/flat/297367337/;Москва;sale;flat;6;8;1;35.28;6727896;2024;-1;Монолитный;-1;Чистовая;12,5 м²;15,6 м²;+74951387164;Бибирево; Корнейчука;27;Медведково;Clementine
Апрелевка С2;developer;https://www.cian.ru/sale/flat/293999166/;Москва;sale;flat;1;3;1;39.2;6703200;2023;-1;-1;-1;Без отделки;-1;-1;+74951374087;; Генерала Донскова;25к8;Апрелевка;Борисоглебское
Апрелевка С2;developer;https://www.cian.ru/sale/flat/298379390/;Москва;sale;flat;3;3;1;45.9;6701400;2022;-1;-1;-1;Без отделки;-1;-1;+74951374087;Новофедоровское поселение; Генерала Донскова;25к4;;Борисоглебское
;;https://www.cian.ru/sale/flat/277241896/;Москва;sale;flat;2;7;1;43.14;6772980;2024;-1;-1;-1;Без отделки;-1;-1;+74951376364;;;к6;Рассказовка;Эдельвейс ЖК
Апрелевка С2;developer;https://www.cian.ru/sale/flat/297846878/;Москва;sale;flat;1;3;1;39.2;6781600;2023;-1;-1;-1;Без отделки;-1;-1;+74951374087;; Генерала Донскова;29к5;Апрелевка;Борисоглебское
Самолет;developer;https://www.cian.ru/sale/flat/295317307/;Москва;sale;flat;13;16;1;32.7;6894043;2024;-1;Монолитно-кирпичный;-1;Без отделки, чистовая;11,6 м²;9,1 м²;+74951347268;;;к2;Филатов Луг;Цветочные Поляны
Апрелевка С2;developer;https://www.cian.ru/sale/flat/297846922/;Москва;sale;flat;1;3;1;39.6;6850800;2023;-1;-1;-1;Без отделки;-1;-1;+74951374087;; Генерала Донскова;29к5;Апрелевка;Борисоглебское
Самолет;developer;https://www.cian.ru/sale/flat/299474457/;Москва;sale;flat;6;16;1;33.5;7168062;2024;-1;Монолитно-кирпичный;-1;Без отделки, чистовая;11,6 м²;9,1 м²;+74951347268;;;к1;Филатов Луг;Цветочные Поляны
Upside Development;developer;https://www.cian.ru/sale/flat/297367242/;Москва;sale;flat;4;8;1;37.32;7292328;2024;-1;Монолитный;-1;Чистовая;13,3 м²;16,2 м²;+74951387164;Бибирево; Корнейчука;27;Медведково;Clementine
КРОСТ;developer;https://www.cian.ru/sale/flat/298394891/;Москва;sale;flat;14;22;1;26.3;7258800;2025;-1;Монолитный;-1;Без отделки;6,6 м²;10,4 м²;+74951378819;;;;Прокшино;Новая Звезда ЖК
Группа Аквилон;developer;https://www.cian.ru/sale/flat/298797909/;Москва;sale;flat;8;23;1;23.5;7294961;2026;-1;Монолитно-кирпичный;-1;Предчистовая, чистовая;16,5 м²;2 м²;+74951375104;Отрадное;Сигнальный проезд;12;Владыкино;Akvilon Signal
Самолет;developer;https://www.cian.ru/sale/flat/295382372/;Москва;sale;flat;12;16;1;27.0;7292115;2024;-1;Монолитно-кирпичный;-1;Без отделки, чистовая;9,6 м²;8 м²;+74951347268;;;к6;Филатов Луг;Цветочные Поляны
А101;developer;https://www.cian.ru/sale/flat/295067409/;Москва;sale;flat;3;9;1;32.4;7344464;2026;-1;Монолитно-кирпичный;-1;Без отделки, чистовая;11,8 м²;10,2 м²;+74951387243;;;;Толстопальцево;Родные кварталы
;;https://www.cian.ru/sale/flat/277241814/;Москва;sale;flat;5;7;1;45.92;7347200;2024;-1;-1;-1;Без отделки;-1;-1;+74951376364;;;к6;Рассказовка;Эдельвейс ЖК
Самолет;developer;https://www.cian.ru/sale/flat/296435726/;Москва;sale;flat;8;16;1;27.8;7663815;2024;-1;Монолитно-кирпичный;-1;Без отделки, чистовая;9,6 м²;8 м²;+74951347268;;;к3;Филатов Луг;Цветочные Поляны
А101;developer;https://www.cian.ru/sale/flat/290946569/;Москва;sale;flat;2;18;1;22.3;7667738;2025;-1;Монолитно-кирпичный, монолитный;-1;Без отделки, предчистовая, черновая, чистовая;7,3 м²;6,4 м²;+74951379037;;;37.2.1;Бунинская аллея;Скандинавия ЖК
;;https://www.cian.ru/sale/flat/299513374/;Москва;sale;flat;4;17;1;32.2;7749489;2025;-1;-1;-1;-1;-1;-1;+78005116552;Южное Бутово;;3.2;Щербинка;Никольские Луга ЖК
;;https://www.cian.ru/sale/flat/299651954/;Москва;sale;flat;2;9;1;34.4;7744081;2024;-1;-1;-1;-1;-1;-1;+78005116552;Южное Бутово;;2.4;Щербинка;Никольские Луга ЖК
;;https://www.cian.ru/sale/flat/299513337/;Москва;sale;flat;8;17;1;34.3;7738132;2025;-1;-1;-1;-1;-1;-1;+78005116552;Южное Бутово;;3.1;Щербинка;Никольские Луга ЖК
;;https://www.cian.ru/sale/flat/299513329/;Москва;sale;flat;4;17;1;34.8;7729942;2025;-1;-1;-1;-1;-1;-1;+78005116552;Южное Бутово;;3.1;Щербинка;Никольские Луга ЖК
Самолет;developer;https://www.cian.ru/sale/flat/289082476/;Москва;sale;flat;1;12;1;32.76;7700232;2025;-1;Монолитно-кирпичный;-1;Чистовая;10,2 м²;10,6 м²;+74951387182;;;к3;Силикатная;Подольские Кварталы ЖК
МГСН;real_estate_agent;https://www.cian.ru/sale/flat/299505738/;Москва;sale;flat;9;9;1;26.3;7990000;-1;-1;-1;-1;-1;13,6 м²;5,7 м²;+79850423109;Орехово-Борисово Южное;Елецкая ;10к1;Домодедовская;
Plus Development;developer;https://www.cian.ru/sale/flat/298554511/;Москва;sale;flat;11;23;1;38.2;7945374;2026;-1;Монолитно-кирпичный;-1;Без отделки;13,7 м²;14,5 м²;+74951370084;;;;Филатов Луг;Детали ЖК
Владис;real_estate_agent;https://www.cian.ru/sale/flat/298530904/;Москва;sale;flat;2;14;1;27.0;7990000;1972;-1;-1;-1;-1;18 м²;3 м²;+79099665694;Сокол;Балтийская ;15;Сокол;
Самолет;developer;https://www.cian.ru/sale/flat/293731137/;Москва;sale;flat;1;9;1;34.56;7975697;2025;-1;Монолитно-кирпичный;-1;Чистовая;16,1 м²;10,9 м²;+74951387182;;;к2;Силикатная;Подольские Кварталы ЖК
Самолет;developer;https://www.cian.ru/sale/flat/298029052/;Москва;sale;flat;13;17;1;35.63;7941296;2025;-1;Монолитно-кирпичный;-1;Чистовая;10,7 м²;9,7 м²;+74951387150;;;к1;Филатов Луг;Квартал Марьино ЖК
Самолет;developer;https://www.cian.ru/sale/flat/296293146/;Москва;sale;flat;6;10;1;33.45;7998228;2025;-1;Монолитно-кирпичный;-1;Без отделки, чистовая;11,4 м²;10,2 м²;+74951347268;;;к11;Филатов Луг;Цветочные Поляны ЖК
БЕЛЫЙ КВАДРАТ - Московский Центр Недвижимости;real_estate_agent;https://www.cian.ru/sale/flat/298298332/;Москва;sale;flat;4;4;1;37.0;7900000;-1;-1;-1;-1;-1;19 м²;13 м²;+79645680199;Соколиная гора;2-й Вольный переулок;11;Семёновская;
Самолет;developer;https://www.cian.ru/sale/flat/289082424/;Москва;sale;flat;6;9;1;34.98;8140085;2025;-1;Монолитно-кирпичный;-1;Чистовая;15,1 м²;11,3 м²;+74951387182;;;к3;Силикатная;Подольские Кварталы ЖК
Самолет;developer;https://www.cian.ru/sale/flat/292085283/;Москва;sale;flat;2;17;1;32.26;8095885;2025;-1;Монолитно-кирпичный;-1;Чистовая;10,2 м²;10,5 м²;+74951387150;;;к1;Филатов Луг;Квартал Марьино ЖК
Самолет;developer;https://www.cian.ru/sale/flat/296789368/;Москва;sale;flat;9;16;1;40.2;8092381;2024;-1;-1;-1;Без отделки;15,3 м²;12,1 м²;+74951347268;;;к1;Филатов Луг;Цветочные Поляны
Самолет;developer;https://www.cian.ru/sale/flat/296356647/;Москва;sale;flat;4;16;1;32.6;8214641;2024;-1;Монолитно-кирпичный;-1;Без отделки, чистовая;9,8 м²;15 м²;+74951347268;;;4-5;Филатов Луг;Цветочные Поляны
;;https://www.cian.ru/sale/flat/299510944/;Москва;sale;flat;16;17;1;32.37;8171741;2024;-1;-1;-1;-1;-1;-1;+78005116552;;;1.1;Щербинка;Юнино ЖК
А101;developer;https://www.cian.ru/sale/flat/295212479/;Москва;sale;flat;5;19;1;33.8;8203449;2025;-1;-1;-1;Без отделки;12,1 м²;9,7 м²;+74951387242;;;5.1;Бунинская аллея;Бунинские Кварталы ЖК
Самолет;developer;https://www.cian.ru/sale/flat/297650725/;Москва;sale;flat;2;9;1;35.39;8186605;2025;-1;Монолитно-кирпичный, монолитный;-1;Без отделки, чистовая;16,3 м²;10,8 м²;+74951370082;;;к31;Рассказовка;Новое Внуково ЖК
А101;developer;https://www.cian.ru/sale/flat/296667217/;Москва;sale;flat;14;19;1;34.5;8388802;2025;-1;-1;-1;Без отделки;11,8 м²;11 м²;+74951387242;;;;Улица Горчакова;Бунинские кварталы
Самолет;developer;https://www.cian.ru/sale/flat/296605721/;Москва;sale;flat;2;12;1;35.81;8376986;2025;-1;Монолитно-кирпичный, монолитный;-1;Без отделки, чистовая;10,8 м²;9,7 м²;+74951345942;;;к21;Щербинка;Остафьево ЖК
Самолет;developer;https://www.cian.ru/sale/flat/296654017/;Москва;sale;flat;8;14;1;35.51;8391358;2025;-1;Монолитно-кирпичный, монолитный;-1;Без отделки, чистовая;16 м²;11,9 м²;+74951345942;;;к22;Щербинка;Остафьево ЖК
Самолет;developer;https://www.cian.ru/sale/flat/296654022/;Москва;sale;flat;6;14;1;34.44;8310615;2025;-1;Монолитно-кирпичный, монолитный;-1;Без отделки, чистовая;11 м²;11,5 м²;+74951345942;;;к22;Щербинка;Остафьево ЖК
Самолет;developer;https://www.cian.ru/sale/flat/293629425/;Москва;sale;flat;2;9;1;36.38;8364506;2024;-1;Монолитно-кирпичный, монолитный;-1;Без отделки, чистовая;10,8 м²;9,8 м²;+74951370082;;;к25;Рассказовка;Новое Внуково ЖК
;;https://www.cian.ru/sale/flat/299651952/;Москва;sale;flat;5;9;1;39.8;8383163;2024;-1;-1;-1;-1;-1;-1;+78005116552;Южное Бутово;;2.4;Щербинка;Никольские Луга ЖК
ФСК;developer;https://www.cian.ru/sale/flat/279103174/;Москва;sale;flat;2;15;1;36.62;8330956;2025;-1;Монолитно-кирпичный;-1;Без отделки, предчистовая, чистовая;11,9 м²;11,3 м²;+74951387180;;;к1;Румянцево;Движение. Говорово ЖК
;;https://www.cian.ru/sale/flat/299511041/;Москва;sale;flat;16;17;1;41.0;8498069;2026;-1;-1;-1;-1;-1;-1;+78005116552;; Мостотреста;;Щербинка;Юнино
;;https://www.cian.ru/sale/flat/299513528/;Москва;sale;flat;17;17;1;36.1;8440558;2024;-1;-1;-1;-1;-1;-1;+78005116552;Южное Бутово;;2.2;Бутово;Никольские Луга ЖК
Самолет;developer;https://www.cian.ru/sale/flat/285398329/;Москва;sale;flat;7;14;1;32.4;8471045;2023;-1;Монолитно-кирпичный, монолитный;-1;Без отделки, чистовая;12,4 м²;8,9 м²;+74951370082;; Стожарова;11;Рассказовка;Новое Внуково
Самолет;developer;https://www.cian.ru/sale/flat/296653840/;Москва;sale;flat;6;12;1;35.81;8416126;2025;-1;Монолитно-кирпичный, монолитный;-1;Без отделки, чистовая;10,8 м²;9,7 м²;+74951345942;;;к23;Щербинка;Остафьево ЖК
Самолет;developer;https://www.cian.ru/sale/flat/296431484/;Москва;sale;flat;2;9;1;34.54;8423926;2025;-1;Монолитно-кирпичный;-1;Чистовая;15,8 м²;11 м²;+74951374712;;;15;Щербинка;Алхимово ЖК
Самолет;developer;https://www.cian.ru/sale/flat/299292020/;Москва;sale;flat;1;16;1;36.22;8486027;2026;-1;Монолитно-кирпичный, монолитный;-1;Без отделки, предчистовая, чистовая;13,6 м²;11,5 м²;+74951374394;;;13;Летово;Эко Бунино ЖК
Самолет;developer;https://www.cian.ru/sale/flat/295382361/;Москва;sale;flat;6;16;1;32.7;8450270;2024;-1;Монолитно-кирпичный;-1;Без отделки, чистовая;11,6 м²;9,1 м²;+74951347268;;;к6;Филатов Луг;Цветочные Поляны
Абсолют Недвижимость;developer;https://www.cian.ru/sale/flat/298656609/;Москва;sale;flat;9;20;1;36.7;8646005;2027;-1;Панельный, монолитный;-1;Без отделки, чистовая;11,2 м²;-1;+74951387082;;;7-я фаза;Филатов Луг;Первый Московский ЖК
А101;developer;https://www.cian.ru/sale/flat/295212525/;Москва;sale;flat;10;19;1;38.7;8620863;2025;-1;-1;-1;Без отделки;15,4 м²;10,6 м²;+74951387242;;;5.1;Улица Горчакова;Бунинские Кварталы ЖК
А101;developer;https://www.cian.ru/sale/flat/296070966/;Москва;sale;flat;4;17;1;36.7;8594712;2025;-1;-1;-1;Без отделки;13,4 м²;11,7 м²;+74951387242;;;7.1;Улица Горчакова;Бунинские Кварталы ЖК
Самолет;developer;https://www.cian.ru/sale/flat/289983643/;Москва;sale;flat;9;10;1;34.57;8634572;2024;-1;Монолитно-кирпичный;-1;Чистовая;15,8 м²;11 м²;+74951374712;;;к13;Щербинка;Алхимово ЖК
Самолет;developer;https://www.cian.ru/sale/flat/296862676/;Москва;sale;flat;2;14;1;36.48;8590839;2025;-1;Монолитно-кирпичный, монолитный;-1;Без отделки, чистовая;17,5 м²;11,2 м²;+74951345942;;;к19;Щербинка;Остафьево ЖК
Самолет;developer;https://www.cian.ru/sale/flat/292167061/;Москва;sale;flat;14;14;1;34.39;8593932;2024;-1;Монолитно-кирпичный, монолитный;-1;Без отделки, чистовая;11,1 м²;11,5 м²;+74951345942;;;к17;Щербинка;Остафьево ЖК
ПИК;developer;https://www.cian.ru/sale/flat/299523048/;Москва;sale;flat;14;32;1;32.1;8624531;2025;-1;Монолитный;-1;Без отделки, чистовая;9,4 м²;16 м²;+74951379460;Митино;Северо-Западный ао;2.1;Пятницкое шоссе;Митинский Лес ЖК
А101;developer;https://www.cian.ru/sale/flat/292131403/;Москва;sale;flat;9;15;1;33.5;8740619;2025;-1;-1;-1;Без отделки;12,1 м²;9,5 м²;+74951387245;;;;Коммунарка;Деснаречье ЖК
А101;developer;https://www.cian.ru/sale/flat/295212709/;Москва;sale;flat;2;18;1;34.7;8668886;2025;-1;-1;-1;Без отделки;12,8 м²;9,3 м²;+74951387242;;;5.1;Бунинская аллея;Бунинские Кварталы ЖК
Самолет;developer;https://www.cian.ru/sale/flat/297650711/;Москва;sale;flat;9;9;1;35.52;8707208;2025;-1;Монолитно-кирпичный, монолитный;-1;Без отделки, чистовая;11,3 м²;10,2 м²;+74951370082;;;к31;Рассказовка;Новое Внуково ЖК
Самолет;developer;https://www.cian.ru/sale/flat/296431439/;Москва;sale;flat;11;15;1;34.35;8736912;2024;-1;Монолитно-кирпичный;-1;Чистовая;16,1 м²;10,6 м²;+74951374712;;;14;Щербинка;Алхимово ЖК
Самолет;developer;https://www.cian.ru/sale/flat/299285620/;Москва;sale;flat;4;13;1;36.02;8675796;2024;-1;Монолитно-кирпичный;-1;Чистовая;11 м²;9,4 м²;+74951374712;;;к13;Щербинка;Алхимово ЖК
Самолет;developer;https://www.cian.ru/sale/flat/296653958/;Москва;sale;flat;9;14;1;38.4;8740451;2025;-1;Монолитно-кирпичный, монолитный;-1;Без отделки, чистовая;17,6 м²;12,2 м²;+74951345942;;;к22;Щербинка;Остафьево ЖК
ПИК;developer;https://www.cian.ru/sale/flat/299523077/;Москва;sale;flat;16;19;1;32.2;8720275;2025;-1;Монолитный;-1;Без отделки, чистовая;9,4 м²;14,7 м²;+74951379460;Митино;Северо-Западный ао;2.4;Пятницкое шоссе;Митинский Лес ЖК
;;https://www.cian.ru/sale/flat/299513197/;Москва;sale;flat;2;17;1;40.7;8792848;2023;-1;-1;-1;-1;-1;-1;+78005116552;Южное Бутово;Варшавское шоссе;282к2;Щербинка;Никольские луга
Самолет;developer;https://www.cian.ru/sale/flat/295930962/;Москва;sale;flat;13;16;1;30.4;8787090;2024;-1;Монолитно-кирпичный, монолитный;-1;Без отделки, предчистовая, чистовая;9,8 м²;9 м²;+74951374394;;;к18-19;Летово;Эко Бунино ЖК
Самолет;developer;https://www.cian.ru/sale/flat/299286425/;Москва;sale;flat;2;8;1;35.72;8783408;2025;-1;Монолитно-кирпичный;-1;Чистовая;16,4 м²;11,1 м²;+74951387148;;;;Рассказовка;Квартал Западный ЖК
Владис;real_estate_agent;https://www.cian.ru/sale/flat/297903576/;Москва;sale;flat;2;22;1;35.7;8800000;1978;-1;-1;-1;-1;20,3 м²;8,4 м²;+79099665694;Силино;Зеленоград;к1005;Нахабино;
Группа Аквилон;developer;https://www.cian.ru/sale/flat/299572163/;Москва;sale;flat;2;23;1;28.0;8837276;2026;-1;Монолитно-кирпичный;-1;Предчистовая, чистовая;17,9 м²;3,6 м²;+74951375104;Отрадное;Сигнальный проезд;12;Владыкино;Akvilon Signal
А101;developer;https://www.cian.ru/sale/flat/292130694/;Москва;sale;flat;6;15;1;37.0;8894208;2025;-1;Монолитно-кирпичный;-1;Без отделки, предчистовая, чистовая;12,4 м²;11,7 м²;+74951387245;;;;Ольховая;Деснаречье ЖК
;;https://www.cian.ru/sale/flat/299212796/;Москва;sale;flat;5;17;1;30.7;8878440;2023;-1;-1;-1;-1;-1;-1;+74951376381;Останкинский;Березовая аллея;19к6;Ботанический сад;Апарт-комплекс Легендарный квартал
А101;developer;https://www.cian.ru/sale/flat/297483137/;Москва;sale;flat;2;8;1;35.7;8888261;2025;-1;-1;-1;Без отделки;12,2 м²;11,4 м²;+74951387242;;;6.1;Бунинская аллея;Бунинские Кварталы ЖК
Абсолют Недвижимость;developer;https://www.cian.ru/sale/flat/298656906/;Москва;sale;flat;2;20;1;43.1;8827249;2027;-1;Панельный, монолитный;-1;Без отделки, чистовая;14,8 м²;-1;+74951387082;;;7-я фаза;Филатов Луг;Первый Московский ЖК
Самолет;developer;https://www.cian.ru/sale/flat/299470720/;Москва;sale;flat;7;11;1;32.48;8886493;2024;-1;Монолитно-кирпичный;-1;Чистовая;10,4 м²;9,9 м²;+74951377086;Молжаниновский;Северный ао;к2;Новоподрезково;Молжаниново ЖК
Евгений Ившин;realtor;https://www.cian.ru/sale/flat/298434260/;Москва;sale;flat;9;9;1;30.0;8800000;1975;-1;-1;-1;-1;18 м²;6 м²;+79164884081;Ивановское; Сталеваров;18К2;Новогиреево;
Самолет;developer;https://www.cian.ru/sale/flat/299286453/;Москва;sale;flat;4;5;1;32.7;8877025;2024;-1;Монолитно-кирпичный;-1;Чистовая;10,3 м²;10,7 м²;+74951387148;;;3.1;Рассказовка;Квартал Западный ЖК
Галина Мартынова;realtor;https://www.cian.ru/sale/flat/293779407/;Москва;sale;flat;7;22;1;35.0;8888888;2021;-1;-1;-1;-1;-1;-1;+79850915326;; Картмазовские Пруды;2к1;Саларьево;Филатов луг
Самолет;developer;https://www.cian.ru/sale/flat/296863639/;Москва;sale;flat;4;20;1;34.7;8881926;2025;-1;Монолитно-кирпичный, монолитный;-1;Без отделки, предчистовая, чистовая;10,3 м²;15,5 м²;+74951374394;;;15;Летово;Эко Бунино ЖК
Городские квартиры;real_estate_agent;https://www.cian.ru/sale/flat/298516546/;Москва;sale;flat;1;9;1;32.5;8950000;1975;-1;-1;-1;-1;18,7 м²;6,7 м²;+79660553769;Ярославский;Лосевская ;1К4;Бабушкинская;
ТАНДЕМ;real_estate_agent;https://www.cian.ru/sale/flat/292695598/;Москва;sale;flat;8;12;1;32.48;8990000;2024;-1;-1;-1;Чистовая;10,4 м²;9,9 м²;+79660590356;Молжаниновский;Северный ао;к2;Новоподрезково;Молжаниново ЖК
;;https://www.cian.ru/sale/flat/298480769/;Москва;sale;flat;15;25;1;38.04;8994558;2025;-1;-1;-1;-1;-1;-1;+78005116552;Люблино;Юго-Восточный ао;к27;Перерва;Светлый Мир Станция Л ЖК
;;https://www.cian.ru/sale/flat/299212795/;Москва;sale;flat;4;17;1;31.5;8977500;2023;-1;-1;-1;-1;-1;-1;+74951376381;Останкинский;Березовая аллея;19к6;Ботанический сад;Апарт-комплекс Легендарный квартал
Sezar Group;developer;https://www.cian.ru/sale/flat/293291629/;Москва;sale;flat;8;22;1;34.8;8978400;2024;-1;Монолитный;-1;Без отделки;16,8 м²;10,2 м²;+74951370078;;бульвар Андрея Тарковского;к15;Рассказовка;Рассказово
;;https://www.cian.ru/sale/flat/299520378/;Москва;sale;flat;3;17;1;44.4;9009033;2024;-1;-1;-1;-1;-1;-1;+78005116552;Южное Бутово;;2.1;Щербинка;Никольские Луга ЖК
Самолет;developer;https://www.cian.ru/sale/flat/297182956/;Москва;sale;flat;9;23;1;37.54;9064105;2024;-1;Монолитно-кирпичный;-1;Чистовая, чистовая с мебелью;13 м²;12 м²;+74951370861;;;к2.4;Румянцево;Тропарево Парк
Абсолют Недвижимость;developer;https://www.cian.ru/sale/flat/298891702/;Москва;sale;flat;2;17;1;35.7;9071994;2026;-1;Панельный, монолитный;-1;Без отделки, чистовая;12,6 м²;-1;+74951387083;;;;Мичуринец;Переделкино Ближнее Город-парк
ПИК;developer;https://www.cian.ru/sale/flat/299522979/;Москва;sale;flat;19;32;1;35.9;9198118;2025;-1;Монолитный;-1;Без отделки, чистовая;11 м²;17,2 м²;+74951379460;Митино;Северо-Западный ао;2.1;Пятницкое шоссе;Митинский Лес ЖК
Самолет;developer;https://www.cian.ru/sale/flat/296577117/;Москва;sale;flat;6;9;1;35.4;9155324;2025;-1;Монолитно-кирпичный, монолитный;-1;Без отделки, чистовая;16,4 м²;10,8 м²;+74951370082;;;к30;Рассказовка;Новое Внуково ЖК
Level Group;developer;https://www.cian.ru/sale/flat/296357330/;Москва;sale;flat;8;23;1;32.7;9125257;2026;-1;Монолитный;-1;Без отделки, предчистовая, чистовая;15,8 м²;9,7 м²;+74951374977;Печатники;;;Кожуховская;Левел Южнопортовая ЖК
Самолет;developer;https://www.cian.ru/sale/flat/299286066/;Москва;sale;flat;3;23;1;39.63;9110012;2024;-1;Монолитно-кирпичный;-1;Чистовая, чистовая с мебелью;14,9 м²;13,1 м²;+74951370861;;;к2.1;Румянцево;Тропарево Парк
Старыгин и партнёры;real_estate_agent;https://www.cian.ru/sale/flat/298569707/;Москва;sale;flat;11;14;1;36.6;9100000;1994;-1;-1;-1;-1;18,9 м²;7,1 м²;+79108264803;Южное Бутово;Веневская ;1;Улица Скобелевская;
Самолет;developer;https://www.cian.ru/sale/flat/290481392/;Москва;sale;flat;2;23;1;39.22;9178985;2025;-1;Монолитно-кирпичный;-1;Чистовая, чистовая с мебелью;13,3 м²;12,9 м²;+74951370861;;;к2.2;Румянцево;Тропарево Парк
Группа Аквилон;developer;https://www.cian.ru/sale/flat/298842837/;Москва;sale;flat;2;23;1;39.5;9197674;2026;-1;Монолитно-кирпичный;-1;Предчистовая, чистовая;14,6 м²;11,1 м²;+74951375104;Отрадное;Сигнальный проезд;12;Владыкино;Akvilon Signal
Level Group;developer;https://www.cian.ru/sale/flat/296357290/;Москва;sale;flat;6;23;1;31.9;9235690;2026;-1;Монолитный;-1;Без отделки, предчистовая, чистовая;15,4 м²;9,3 м²;+74951374977;Печатники;;;Кожуховская;Левел Южнопортовая ЖК
Самолет;developer;https://www.cian.ru/sale/flat/295930626/;Москва;sale;flat;1;10;1;31.9;9222864;2023;-1;Монолитно-кирпичный, монолитный;-1;Без отделки, предчистовая, чистовая;10,4 м²;9,8 м²;+74951374394;;проспект Куприна;30к9;Летово;Эко Бунино
МИЦ-Столичный ипотечный центр недвижимости;real_estate_agent;https://www.cian.ru/sale/flat/298392717/;Москва;sale;flat;11;12;1;34.8;9200000;-1;-1;-1;-1;-1;13,2 м²;10,6 м²;+79163236639;;проспект Куприна;36к1;Бунинская аллея;Эко Бунино
Владис;real_estate_agent;https://www.cian.ru/sale/flat/299071305/;Москва;sale;flat;12;17;1;34.71;9200000;2024;-1;-1;-1;Чистовая;15,9 м²;10,8 м²;+79645672951;Молжаниновский;Северный ао;к1;Новоподрезково;Молжаниново ЖК
Самолет;developer;https://www.cian.ru/sale/flat/295807992/;Москва;sale;flat;2;16;1;35.84;9217868;2025;-1;Монолитно-кирпичный;-1;Чистовая;10,8 м²;9,8 м²;+74951377086;Молжаниновский;Северный ао;;Новоподрезково;Молжаниново ЖК
Самолет;developer;https://www.cian.ru/sale/flat/299286390/;Москва;sale;flat;5;7;1;32.76;9238609;2024;-1;Монолитно-кирпичный;-1;Чистовая;10,2 м²;10,6 м²;+74951387148;;;к1;Рассказовка;Квартал Западный ЖК
Самолет;developer;https://www.cian.ru/sale/flat/295316838/;Москва;sale;flat;4;16;1;38.2;9244916;2024;-1;Монолитно-кирпичный;-1;Без отделки, чистовая;10,4 м²;11,3 м²;+74951347268;;;к3;Филатов Луг;Цветочные Поляны
